tp_record_share;id_polizza_exp;id_polizza_invio;id_polizza_inviante;id_polizza_ricevente;compagnia_ania;compagnia_exp;agenzia;numero_polizza_cmp;progressivo;repertorio;tipo_codice_veicolo;codice_veicolo;data_immatricolazione;guida_esperta;settore_rca_share;classe_rca_share;uso_rca_share;trasportati_rca_share;estensioni_rca_share;limitazioni_rca_share;rimorchio_rca_share;tipo_targa_share;targa;telaio;marca;modello;tipo_tariffa_rca_share;bonus_malus_universale;bonus_malus_interna;tp_alimentazione_share;cavalli_fiscali;quintali;posti;cilindrata;peso_posti_rim;kw;codice_massimale_share;massimale_unico;massimale_sinistro;massimale_cose;massimale_persone;id_anagrafico_intestatariopra;flessibilita_rca;airbag_passeggero;codice_convenzione;abs;franchigia_bm;pejus;valore_veicolo;valore_accessori;fl_indicizzazione;indice_base;indice_istat;premio_base_indicizzazione;tariffa_vita;descrizione_tariffa_vita;massa;regolaz_premio;dt_pross_regolazione;codice_causale_regolazione_cmp;gg_comunicazione_dati_regolazione;marca_scatola_nera;modello_scatola_nera;natanti_numero_motori;natanti_stazza;natanti_lunghezza_fuori_tutto;natanti_velocita_massima;natanti_immatricolazione_estera;natanti_uso_diporto;libro_matricola;numero_applicazione_lm;data_prossima_qz;id_beneficiario_vita_exp;id_beneficiario_inviante;id_beneficiario_ricevente;id_assicurato_vita_exp;id_assicurato_inviante;id_assicurato_ricevente;tipo_polizza_vita_share;capitale_caso_morte;capitale_iniziale;capitale_attuale;capitale_rivalutato;benefici_mutualita;data_ultima_rivalutazione;totale_quote;finanziamento;visita_medica;adeguamento_capitale;durata_pag_premi;cumulo_versamenti;cumulo_riscatti;valore_polizza;data_valore_polizza;eta_minima;eta_massima;versamento_minimo;versamento_massimo;costi;data_rescindibilita;percentuale_detraibilita;descrizione_re;patrimonio;totale_iscritti_attivi;totale_nuovi_iscritti;data_iscrizione_nuovi_iscritti;riparazione_convenzionata;codice_aggregazione;id_mezzo_exp;ragione_sociale_cassa;partita_iva_cassa;timestamp_record
21;276992621;276992621;OWEB-23774-276992621;;5;GEN;;153000742;0;;0;;06/2021;N;4;5;3;0;;;;1;GD485DA;;MAN;TGX;;16;;DIESEL;0;0;0;12419;0;375;;0,00;0,00;0,00;0,00;;0,00;N;;;0,00;;;;;0,00;0,00;0,00;;;0;N;;;0;;;0;0;0;0;;;N;;;;;;;;;;0,00;0,00;0,00;0,00;;;0,00;;;;0;0,00;0,00;0,00;;0;0;0,00;0,00;0,00;;0,00;;0,00;0;0;;N;;;;;
21;289400519;289400519;OWEB-23774-289400519;;5;GEN;;184643234;0;;0;;09/2006;N;0;0;0;0;;;;2;SO011970;;GENEROSA;N 4;;1;;;0;0;0;0;0;0;;0,00;15000000,00;15000000,00;15000000,00;;0,00;N;;;0,00;;;;;0,00;0,00;0,00;;;0;N;;;0;;;0;0;0;0;;;N;;;;;;;;;;0,00;0,00;0,00;0,00;;;0,00;;;;0;0,00;0,00;0,00;;0;0;0,00;0,00;0,00;;0,00;;0,00;0;0;;N;;;;;
21;289400520;289400520;OWEB-23774-289400520;;5;GEN;;184643235;0;;0;000493;03/2002;N;5;31;0;0;;;;1;BE73965;;YAMAHA;T MAX;;1;;BENZINA;0;0;0;499;0;29;;0,00;8000000,00;8000000,00;8000000,00;;0,00;N;;;0,00;;;;;0,00;0,00;0,00;;;0;N;;;0;;;0;0;0;0;;;N;;;;;;;;;;0,00;0,00;0,00;0,00;;;0,00;;;;0;0,00;0,00;0,00;;0;0;0,00;0,00;0,00;;0,00;;0,00;0;0;;N;;;;;
21;289400521;289400521;OWEB-23774-289400521;;5;GEN;;184643236;0;;0;013482;06/1993;N;5;31;0;0;;;;2;CO210703;;YAMAHA;XV 250 VIRAGO;;18;;BENZINA;0;0;0;248;0;15;;0,00;0,00;0,00;0,00;;0,00;N;;;0,00;;;;;0,00;0,00;0,00;;;0;N;;;0;;;0;0;0;0;;;N;;;;;;;;;;0,00;0,00;0,00;0,00;;;0,00;;;;0;0,00;0,00;0,00;;0;0;0,00;0,00;0,00;;0,00;;0,00;0;0;;N;;;;;
21;289400522;289400522;OWEB-23774-289400522;;5;GEN;;184643237;0;;0;001543;05/2003;N;5;31;0;0;;;;1;BW48464;;PIAGGIO;VESPA 200 L GRANTURISM;;1;;BENZINA;0;0;0;198;0;14;;0,00;8000000,00;8000000,00;8000000,00;;0,00;N;;;0,00;;;;;0,00;0,00;0,00;;;0;N;;;0;;;0;0;0;0;;;N;;;;;;;;;;0,00;0,00;0,00;0,00;;;0,00;;;;0;0,00;0,00;0,00;;0;0;0,00;0,00;0,00;;0,00;;0,00;0;0;;N;;;;;
21;289400523;289400523;OWEB-23774-289400523;;5;GEN;;184643238;0;;0;081886;12/2010;N;1;1;1;0;;;;1;ED369ZX;;VOLKSWAGEN;POLO 1.2 70 CV 5P.;;1;01;BENZINA;14;0;0;1198;0;51;;0,00;26000000,00;26000000,00;26000000,00;;0,00;N;;;0,00;;4100;;;0,00;0,00;0,00;;;0;N;;;0;;;0;0;0;0;;;N;;;;;;;;;;0,00;0,00;0,00;0,00;;;0,00;;;;0;0,00;0,00;0,00;;0;0;0,00;0,00;0,00;;0,00;;0,00;0;0;;N;;;;;
21;289400524;289400524;OWEB-23774-289400524;;5;GEN;;184643239;0;;0;052657;07/1999;N;4;3;2;0;;;;1;BF021CF;;NISSAN;PICK-UP 2.5 TD 4 PORTE;;1;;DIESEL;0;0;0;0;0;0;;0,00;8000000,00;8000000,00;8000000,00;;0,00;N;;;0,00;;;;;0,00;0,00;0,00;;;0;N;;;0;;;0;0;0;0;;;N;;;;;;;;;;0,00;0,00;0,00;0,00;;;0,00;;;;0;0,00;0,00;0,00;;0;0;0,00;0,00;0,00;;0,00;;0,00;0;0;;N;;;;;
21;289400525;289400525;OWEB-23774-289400525;;5;GEN;;184643240;0;;0;113831;04/2018;N;1;1;1;0;;;;1;FP778SV;;VOLVO;XC90 D5 AWD GEARTRONIC 7;;12;25;DIESEL;20;0;0;1969;0;173;;0,00;12000000,00;12000000,00;12000000,00;;0,00;N;;;0,00;;24400;;;0,00;0,00;0,00;;;0;N;;;0;;;0;0;0;0;;;N;;;;;;;;;;0,00;0,00;0,00;0,00;;;0,00;;;;0;0,00;0,00;0,00;;0;0;0,00;0,00;0,00;;0,00;;0,00;0;0;;N;;;;;
21;289400526;289400526;OWEB-23774-289400526;;5;GEN;;184643241;0;;0;153093;06/2026;N;1;1;1;0;;;;1;HE069EE;;SUZUKI;VITARA 1.4 HYBRID 4WD A;;1;01;IBRIDA;16;0;0;1373;0;80;;0,00;12000000,00;12000000,00;12000000,00;;0,00;N;;;0,00;;30450;;;0,00;0,00;0,00;;;0;N;;;0;;;0;0;0;0;;;N;;;;;;;;;;0,00;0,00;0,00;0,00;;;0,00;;;;0;0,00;0,00;0,00;;0;0;0,00;0,00;0,00;;0,00;;0,00;0;0;;N;;;;;
21;241951052;241951052;OWEB-23774-241951052;;5;GEN;;180394770;0;;0;;06/2020;N;4;3;3;0;;;;1;FZ873RY;;MERCEDES;BENZ 963;;13;;DIESEL;0;0;0;0;0;0;;0,00;26000000,00;26000000,00;26000000,00;;0,00;N;;;0,00;;;;;0,00;0,00;0,00;;;0;N;;;0;;;0;0;0;0;;;N;;;;;;;;;;0,00;0,00;0,00;0,00;;;0,00;;;;0;0,00;0,00;0,00;;0;0;0,00;0,00;0,00;;0,00;;0,00;0;0;;N;;;;;
21;241951163;241951163;OWEB-23774-241951163;;5;GEN;;180394881;0;;0;052657;07/1999;N;4;3;3;0;;;;1;BF021CF;;NISSAN;PICK-UP 2.5 TD 4 PORTE;;1;;DIESEL;0;0;0;0;0;0;;0,00;8000000,00;8000000,00;8000000,00;;0,00;N;;;0,00;;;;;0,00;0,00;0,00;;;0;N;;;0;;;0;0;0;0;;;N;;;;;;;;;;0,00;0,00;0,00;0,00;;;0,00;;;;0;0,00;0,00;0,00;;0;0;0,00;0,00;0,00;;0,00;;0,00;0;0;;N;;;;;
21;259326551;259326551;OWEB-23774-259326551;;5;GEN;;182260074;0;;0;099528;12/2023;N;1;1;1;0;;;;1;GS383SM;;LAND ROVER;RANGE ROVER SPORT 3;;13;26;DIESEL;26;0;0;2993;0;183;;0,00;8000000,00;8000000,00;8000000,00;;0,00;N;;;0,00;;;;;0,00;0,00;0,00;;;0;N;;;0;;;0;0;0;0;;;N;;;;;;;;;;0,00;0,00;0,00;0,00;;;0,00;;;;0;0,00;0,00;0,00;;0;0;0,00;0,00;0,00;;0,00;;0,00;0;0;;N;;;;;
21;271356945;271356945;OWEB-23774-271356945;;5;GEN;;183629247;0;;0;062526;07/2005;N;4;3;2;0;;;;1;CW279AN;;RENAULT;MASTER T35/140 3.0 DCI;;13;;DIESEL;0;0;0;0;0;0;;0,00;8000000,00;8000000,00;8000000,00;;0,00;N;;;0,00;;;;;0,00;0,00;0,00;;;0;N;;;0;;;0;0;0;0;;;N;;;;;;;;;;0,00;0,00;0,00;0,00;;;0,00;;;;0;0,00;0,00;0,00;;0;0;0,00;0,00;0,00;;0,00;;0,00;0;0;;N;;;;;
21;246239370;246239370;OWEB-23774-246239370;;5;GEN;;182259197;0;;0;;09/2006;N;0;0;0;0;;;;2;SO011970;;GENEROSA;N 4;;1;;;0;0;0;0;0;0;;0,00;15000000,00;15000000,00;15000000,00;;0,00;N;;;0,00;;;;;0,00;0,00;0,00;;;0;N;;;0;;;0;0;0;0;;;N;;;;;;;;;;0,00;0,00;0,00;0,00;;;0,00;;;;0;0,00;0,00;0,00;;0;0;0,00;0,00;0,00;;0,00;;0,00;0;0;;N;;;;;
21;251714192;251714192;OWEB-23774-251714192;;5;GEN;;182259623;0;;0;;06/2020;N;4;3;3;0;;;;1;FZ873RY;;MERCEDES;BENZ 963;;13;;DIESEL;0;0;0;0;0;0;;0,00;26000000,00;26000000,00;26000000,00;;0,00;N;;;0,00;;;;;0,00;0,00;0,00;;;0;N;;;0;;;0;0;0;0;;;N;;;;;;;;;;0,00;0,00;0,00;0,00;;;0,00;;;;0;0,00;0,00;0,00;;0;0;0,00;0,00;0,00;;0,00;;0,00;0;0;;N;;;;;
21;258493456;258493456;OWEB-23774-258493456;;5;GEN;;182260024;0;;0;;11/2024;N;4;41;2;0;;;;1;XA241WA;;OMC;UK 1500;;14;;;0;0;0;0;0;0;;0,00;15000000,00;15000000,00;15000000,00;;0,00;N;;;0,00;;;;;0,00;0,00;0,00;;;0;N;;;0;;;0;0;0;0;;;N;;;;;;;;;;0,00;0,00;0,00;0,00;;;0,00;;;;0;0,00;0,00;0,00;;0;0;0,00;0,00;0,00;;0,00;;0,00;0;0;;N;;;;;
21;258493457;258493457;OWEB-23774-258493457;;5;GEN;;182260025;0;;0;;11/2024;N;4;41;2;0;;;;1;XA242WA;;TECNOGEN;;;14;;;0;0;0;0;0;0;;0,00;15000000,00;15000000,00;15000000,00;;0,00;N;;;0,00;;;;;0,00;0,00;0,00;;;0;N;;;0;;;0;0;0;0;;;N;;;;;;;;;;0,00;0,00;0,00;0,00;;;0,00;;;;0;0,00;0,00;0,00;;0;0;0,00;0,00;0,00;;0,00;;0,00;0;0;;N;;;;;
21;268847016;268847016;OWEB-23774-268847016;;5;GEN;;183629205;0;;0;052657;07/1999;N;4;3;2;0;;;;1;BF021CF;;NISSAN;PICK-UP 2.5 TD 4 PORTE;;1;;DIESEL;0;0;0;0;0;0;;0,00;8000000,00;8000000,00;8000000,00;;0,00;N;;;0,00;;;;;0,00;0,00;0,00;;;0;N;;;0;;;0;0;0;0;;;N;;;;;;;;;;0,00;0,00;0,00;0,00;;;0,00;;;;0;0,00;0,00;0,00;;0;0;0,00;0,00;0,00;;0,00;;0,00;0;0;;N;;;;;
21;276997983;276997983;OWEB-23774-276997983;;5;GEN;;183629641;0;;0;081745;04/2010;N;1;1;1;0;;;;1;EC750DS;;PEUGEOT;3008 1.6 HDI 110CV CAM;;1;01;DIESEL;17;0;0;1560;0;80;;0,00;12000000,00;12000000,00;12000000,00;;0,00;N;;;0,00;;2200;;;0,00;0,00;0,00;;;0;N;;;0;;;0;0;0;0;;;N;;;;;;;;;;0,00;0,00;0,00;0,00;;;0,00;;;;0;0,00;0,00;0,00;;0;0;0,00;0,00;0,00;;0,00;;0,00;0;0;;N;;;;;
21;278475976;278475976;OWEB-23774-278475976;;5;GEN;;183629736;0;;0;099528;12/2023;N;1;1;1;0;;;;1;GS383SM;;LAND ROVER;RANGE ROVER SPORT 3;;12;25;DIESEL;26;0;0;2993;0;183;;0,00;12000000,00;12000000,00;12000000,00;;0,00;N;;;0,00;;;;;0,00;0,00;0,00;;;0;N;;;0;;;0;0;0;0;;;N;;;;;;;;;;0,00;0,00;0,00;0,00;;;0,00;;;;0;0,00;0,00;0,00;;0;0;0,00;0,00;0,00;;0,00;;0,00;0;0;;N;;;;;
21;288600142;288600142;OWEB-23774-288600142;;5;GEN;;184643202;0;;0;062526;07/2005;N;4;3;2;0;;;;1;CW279AN;;RENAULT;MASTER T35/140 3.0 DCI;;13;;DIESEL;0;0;0;0;0;0;;0,00;8000000,00;8000000,00;8000000,00;;0,00;N;;;0,00;;;;;0,00;0,00;0,00;;;0;N;;;0;;;0;0;0;0;;;N;;;;;;;;;;0,00;0,00;0,00;0,00;;;0,00;;;;0;0,00;0,00;0,00;;0;0;0,00;0,00;0,00;;0,00;;0,00;0;0;;N;;;;;
21;288725060;288725060;OWEB-23774-288725060;;;GPM;;116950578;0;;0;000148V057888199906;03/2000;N;4;3;2;0;;;;1;BH445ZG;MMBYNK740WD047700;MITSUBISHI;L200 2.5 TDI 4WD Club Cab Pick-up GL;1;1;1E;;23;28;0;2477;0;73;;0,00;0,00;1300000,00;6450000,00;;0,00;N;;;0,00;;;;;0,00;0,00;0,00;;;0;N;;;0;;;0;0;0;0;;;N;;;;;;;;;;0,00;0,00;0,00;0,00;;;0,00;;;;0;0,00;0,00;0,00;;0;0;0,00;0,00;0,00;;0,00;;0,00;0;0;;N;;;;;
21;241949942;241949942;OWEB-23774-241949942;;5;GEN;;180024596;0;;0;055771;08/2005;N;1;1;1;0;;;;1;CS871BP;;OPEL;CORSA 1.2I 16V CAT 5 PORT;;1;01;BENZINA;14;0;0;1229;0;59;;0,00;15000000,00;15000000,00;15000000,00;;0,00;N;;;0,00;;;;;0,00;0,00;0,00;;;0;N;;;0;;;0;0;0;0;;;N;;;;;;;;;;0,00;0,00;0,00;0,00;;;0,00;;;;0;0,00;0,00;0,00;;0;0;0,00;0,00;0,00;;0,00;;0,00;0;0;;N;;;;;
21;267781153;267781153;OWEB-23774-267781153;;5;GEN;;183629171;0;;0;116093;11/2017;N;4;3;2;0;;;;1;FM619BS;;VOLKSWAGEN;TRANSP. 6 '15-> TRA;;10;;DIESEL;0;0;0;0;0;0;;0,00;8000000,00;8000000,00;8000000,00;;0,00;N;;;0,00;;12100;;;0,00;0,00;0,00;;;0;N;;;0;;;0;0;0;0;;;N;;;;;;;;;;0,00;0,00;0,00;0,00;;;0,00;;;;0;0,00;0,00;0,00;;0;0;0,00;0,00;0,00;;0,00;;0,00;0;0;;N;;;;;
21;241951142;241951142;OWEB-23774-241951142;;5;GEN;;180394860;0;;0;135402;12/2020;N;1;1;1;0;;;;1;GB323RZ;;DACIA;DUSTER 1.5 BLUE DCI 8V 1;;1;01;DIESEL;16;0;0;1461;0;85;;0,00;12000000,00;12000000,00;12000000,00;;0,00;N;;;0,00;;;;;0,00;0,00;0,00;;;0;N;;;0;;;0;0;0;0;;;N;;;;;;;;;;0,00;0,00;0,00;0,00;;;0,00;;;;0;0,00;0,00;0,00;;0;0;0,00;0,00;0,00;;0,00;;0,00;0;0;;N;;;;;
21;251714194;251714194;OWEB-23774-251714194;;5;GEN;;182259625;0;;0;093776;01/2016;N;1;1;1;0;;;;1;FB625XN;;FIAT;PANDA 1.2 EASY;;1;01;BENZINA;14;0;0;1242;0;51;;0,00;8000000,00;8000000,00;8000000,00;;0,00;N;;;0,00;;5000;;;0,00;0,00;0,00;;;0;N;;;0;;;0;0;0;0;;;N;;;;;;;;;;0,00;0,00;0,00;0,00;;;0,00;;;;0;0,00;0,00;0,00;;0;0;0,00;0,00;0,00;;0,00;;0,00;0;0;;N;;;;;
21;241950959;241950959;OWEB-23774-241950959;;5;GEN;;180394677;0;;0;122585;06/2019;N;1;1;1;0;;;;1;FX113FH;;MERCEDES;E 220 D AUTO BUSINESS;;4;12;DIESEL;20;0;0;1950;0;143;;0,00;12000000,00;12000000,00;12000000,00;;0,00;N;;;0,00;;;;;0,00;0,00;0,00;;;0;N;;;0;;;0;0;0;0;;;N;;;;;;;;;;0,00;0,00;0,00;0,00;;;0,00;;;;0;0,00;0,00;0,00;;0;0;0,00;0,00;0,00;;0,00;;0,00;0;0;;N;;;;;
21;269897278;269897278;OWEB-23774-269897278;;5;GEN;;183629240;0;;0;080965;01/2010;N;1;1;1;0;;;;1;EA179ZK;;ALFA ROMEO;159 1.9 JTDM 150CV;;1;01;DIESEL;19;0;0;1910;0;110;;0,00;8000000,00;8000000,00;8000000,00;;0,00;N;;;0,00;;;;;0,00;0,00;0,00;;;0;N;;;0;;;0;0;0;0;;;N;;;;;;;;;;0,00;0,00;0,00;0,00;;;0,00;;;;0;0,00;0,00;0,00;;0;0;0,00;0,00;0,00;;0,00;;0,00;0;0;;N;;;;;
21;288600131;288600131;OWEB-23774-288600131;;5;GEN;;184643200;0;;0;077311;12/2014;N;1;1;1;0;;;;1;FA573EB;;SMART;FORTWO 1000 52 KW MHD CO;;1;01;BENZINA;12;0;0;999;0;52;;0,00;8000000,00;8000000,00;8000000,00;;0,00;N;;;0,00;;4100;;;0,00;0,00;0,00;;;0;N;;;0;;;0;0;0;0;;;N;;;;;;;;;;0,00;0,00;0,00;0,00;;;0,00;;;;0;0,00;0,00;0,00;;0;0;0,00;0,00;0,00;;0,00;;0,00;0;0;;N;;;;;
21;255085490;255085490;OWEB-23774-255085490;;5;GEN;;182259857;0;;0;058049;07/2007;N;1;1;1;0;;;;1;DJ573JY;;JEEP;CHEROKEE 2.8 CRD SPORT;;1;01;DIESEL;25;0;0;2776;0;120;;0,00;8000000,00;8000000,00;8000000,00;;0,00;N;;;0,00;;;;;0,00;0,00;0,00;;;0;N;;;0;;;0;0;0;0;;;N;;;;;;;;;;0,00;0,00;0,00;0,00;;;0,00;;;;0;0,00;0,00;0,00;;0;0;0,00;0,00;0,00;;0,00;;0,00;0;0;;N;;;;;
21;272219040;272219040;OWEB-23774-272219040;;5;GEN;;183629345;0;;0;006659;03/2023;N;5;31;0;0;;;;1;FA29438;;TRS;ONE 300;;1;;BENZINA;0;0;0;294;0;7;;0,00;15000000,00;15000000,00;15000000,00;;0,00;N;;;0,00;;;;;0,00;0,00;0,00;;;0;N;;;0;;;0;0;0;0;;;N;;;;;;;;;;0,00;0,00;0,00;0,00;;;0,00;;;;0;0,00;0,00;0,00;;0;0;0,00;0,00;0,00;;0,00;;0,00;0;0;;N;;;;;
21;288913917;288913917;OWEB-23774-288913917;;5;GEN;;184643231;0;;0;;11/1996;N;5;30;0;0;;;;4;XBGSD5;ZD4LY0000TS004066;APRILIA;LY00;;1;;BENZINA;0;0;0;49;0;3;;0,00;8000000,00;8000000,00;8000000,00;;0,00;N;;;0,00;;;;;0,00;0,00;0,00;;;0;N;;;0;;;0;0;0;0;;;N;;;;;;;;;;0,00;0,00;0,00;0,00;;;0,00;;;;0;0,00;0,00;0,00;;0;0;0,00;0,00;0,00;;0,00;;0,00;0;0;;N;;;;;
21;288913918;288913918;OWEB-23774-288913918;;5;GEN;;184643232;0;;0;017862;10/2024;N;5;31;0;0;;;;1;FL07426;;HONDA;CRF1100L AFRICA TWIN ES;;1;;BENZINA;0;0;0;1084;0;75;;0,00;8000000,00;8000000,00;8000000,00;;0,00;N;;;0,00;;13300;;;0,00;0,00;0,00;;;0;N;;;0;;;0;0;0;0;;;N;;;;;;;;;;0,00;0,00;0,00;0,00;;;0,00;;;;0;0,00;0,00;0,00;;0;0;0,00;0,00;0,00;;0,00;;0,00;0;0;;N;;;;;
21;241951516;241951516;OWEB-23774-241951516;;5;GEN;;180991825;0;;0;067484;05/2006;N;1;1;1;0;;;;1;DC060XD;;FIAT;600 1.1 ACTIVE;;1;01;BENZINA;13;0;0;1108;0;40;;0,00;8000000,00;8000000,00;8000000,00;;0,00;N;;;0,00;;;;;0,00;0,00;0,00;;;0;N;;;0;;;0;0;0;0;;;N;;;;;;;;;;0,00;0,00;0,00;0,00;;;0,00;;;;0;0,00;0,00;0,00;;0;0;0,00;0,00;0,00;;0,00;;0,00;0;0;;N;;;;;
21;272219128;272219128;OWEB-23774-272219128;;5;GEN;;183629364;0;;0;079256;01/2010;N;1;1;1;0;;;;1;EA866MD;;VOLKSWAGEN;GOLF 2.0 TDI 140CV;;13;25;DIESEL;20;0;0;1968;0;103;;0,00;8000000,00;8000000,00;8000000,00;;0,00;N;;;0,00;;;;;0,00;0,00;0,00;;;0;N;;;0;;;0;0;0;0;;;N;;;;;;;;;;0,00;0,00;0,00;0,00;;;0,00;;;;0;0,00;0,00;0,00;;0;0;0,00;0,00;0,00;;0,00;;0,00;0;0;;N;;;;;
21;279093774;279093774;OWEB-23774-279093774;;5;GEN;;183629759;0;;0;001135;06/2002;N;5;31;0;0;;;;1;BE73630;;BMW;R 1150 RT ABS CAT;;5;;BENZINA;0;0;0;1130;0;70;;0,00;15000000,00;15000000,00;15000000,00;;0,00;N;;;0,00;;1500;;;0,00;0,00;0,00;;;0;N;;;0;;;0;0;0;0;;;N;;;;;;;;;;0,00;0,00;0,00;0,00;;;0,00;;;;0;0,00;0,00;0,00;;0;0;0,00;0,00;0,00;;0,00;;0,00;0;0;;N;;;;;
21;282912024;282912024;OWEB-23774-282912024;;5;GEN;;184642952;0;;0;108847;10/2019;N;1;1;1;0;;;;1;FZ981JA;;MERCEDES;C 180 D S.W. AUTO EXE;;1;01;DIESEL;17;0;0;1597;0;90;;0,00;15000000,00;15000000,00;15000000,00;;0,00;N;;;0,00;;11100;;;0,00;0,00;0,00;;;0;N;;;0;;;0;0;0;0;;;N;;;;;;;;;;0,00;0,00;0,00;0,00;;;0,00;;;;0;0,00;0,00;0,00;;0;0;0,00;0,00;0,00;;0,00;;0,00;0;0;;N;;;;;
21;241950253;241950253;OWEB-23774-241950253;;5;GEN;;180024907;0;;0;127178;06/2021;N;1;1;1;0;;;;1;GF873JM;;DACIA;DUSTER 1.5 BLUE DCI 8V 1;;1;01;DIESEL;16;0;0;1461;0;85;;0,00;8000000,00;8000000,00;8000000,00;;0,00;N;;;0,00;;;;;0,00;0,00;0,00;;;0;N;;;0;;;0;0;0;0;;;N;;;;;;;;;;0,00;0,00;0,00;0,00;;;0,00;;;;0;0,00;0,00;0,00;;0;0;0,00;0,00;0,00;;0,00;;0,00;0;0;;N;;;;;
21;241951494;241951494;OWEB-23774-241951494;;5;GEN;;180991803;0;;0;;12/2003;N;5;31;0;0;;;;1;BT61629;;KTM;250 EXC;;1;;BENZINA;0;0;0;249;0;0;;0,00;8000000,00;8000000,00;8000000,00;;0,00;N;;;0,00;;;;;0,00;0,00;0,00;;;0;N;;;0;;;0;0;0;0;;;N;;;;;;;;;;0,00;0,00;0,00;0,00;;;0,00;;;;0;0,00;0,00;0,00;;0;0;0,00;0,00;0,00;;0,00;;0,00;0;0;;N;;;;;
21;241951528;241951528;OWEB-23774-241951528;;5;GEN;;180991837;0;;0;;10/2010;N;4;41;0;0;;;;1;AF36030;;SCHWARZ;S32T;;3;;;0;0;0;0;0;0;;0,00;15000000,00;15000000,00;15000000,00;;0,00;N;;;0,00;;;;;0,00;0,00;0,00;;;0;N;;;0;;;0;0;0;0;;;N;;;;;;;;;;0,00;0,00;0,00;0,00;;;0,00;;;;0;0,00;0,00;0,00;;0;0;0,00;0,00;0,00;;0,00;;0,00;0;0;;N;;;;;
21;241951542;241951542;OWEB-23774-241951542;;5;GEN;;180991851;0;;0;121831;05/2021;N;1;1;1;0;;;;1;GE016YY;;SEAT;ARONA 1.0 ECOTSI XCELLENC;;1;01;BENZINA;12;0;0;999;0;70;;0,00;8000000,00;8000000,00;8000000,00;;0,00;N;;;0,00;;;;;0,00;0,00;0,00;;;0;N;;;0;;;0;0;0;0;;;N;;;;;;;;;;0,00;0,00;0,00;0,00;;;0,00;;;;0;0,00;0,00;0,00;;0;0;0,00;0,00;0,00;;0,00;;0,00;0;0;;N;;;;;
21;241952016;241952016;OWEB-23774-241952016;;5;GEN;;180992325;0;;0;;10/2023;N;4;41;0;0;;;;1;XA463WN;;EDER;;;2;;;0;0;0;0;0;0;;0,00;15000000,00;15000000,00;15000000,00;;0,00;N;;;0,00;;;;;0,00;0,00;0,00;;;0;N;;;0;;;0;0;0;0;;;N;;;;;;;;;;0,00;0,00;0,00;0,00;;;0,00;;;;0;0,00;0,00;0,00;;0;0;0,00;0,00;0,00;;0,00;;0,00;0;0;;N;;;;;
21;254012408;254012408;OWEB-23774-254012408;;5;GEN;;182259770;0;;0;;08/2019;N;4;41;2;0;;;;1;XA566JA;;CRESCI;RIMORCHI PT6C;;10;;;0;0;0;0;0;0;;0,00;8000000,00;8000000,00;8000000,00;;0,00;N;;;0,00;;;;;0,00;0,00;0,00;;;0;N;;;0;;;0;0;0;0;;;N;;;;;;;;;;0,00;0,00;0,00;0,00;;;0,00;;;;0;0,00;0,00;0,00;;0;0;0,00;0,00;0,00;;0,00;;0,00;0;0;;N;;;;;
21;254012409;254012409;OWEB-23774-254012409;;5;GEN;;182259771;0;;0;;09/2003;N;4;41;2;0;;;;1;AB48058;;ELLEBI;1150;;1;;;0;0;0;0;0;0;;0,00;15000000,00;15000000,00;15000000,00;;0,00;N;;;0,00;;;;;0,00;0,00;0,00;;;0;N;;;0;;;0;0;0;0;;;N;;;;;;;;;;0,00;0,00;0,00;0,00;;;0,00;;;;0;0,00;0,00;0,00;;0;0;0,00;0,00;0,00;;0,00;;0,00;0;0;;N;;;;;
21;254143671;254143671;OWEB-23774-254143671;;5;GEN;;182259785;0;;0;087014;05/2011;N;1;1;1;0;;;;1;EH731VA;;FIAT;PANDA 1.3 MJT 16V DPF 4X4;;1;01;DIESEL;15;0;0;1248;0;55;;0,00;8000000,00;8000000,00;8000000,00;;0,00;N;;;0,00;;6000;;;0,00;0,00;0,00;;;0;N;;;0;;;0;0;0;0;;;N;;;;;;;;;;0,00;0,00;0,00;0,00;;;0,00;;;;0;0,00;0,00;0,00;;0;0;0,00;0,00;0,00;;0,00;;0,00;0;0;;N;;;;;
21;243270604;243270604;OWEB-23774-243270604;;5;GEN;;180992559;0;;0;066782;06/2009;N;1;1;1;0;;;;1;DX271CM;;FIAT;GRANDE PUNTO 1.4 5 PORTE;;1;08;BENZINA;15;0;0;1368;0;57;;0,00;8000000,00;8000000,00;8000000,00;;0,00;N;;;0,00;;;;;0,00;0,00;0,00;;;0;N;;;0;;;0;0;0;0;;;N;;;;;;;;;;0,00;0,00;0,00;0,00;;;0,00;;;;0;0,00;0,00;0,00;;0;0;0,00;0,00;0,00;;0,00;;0,00;0;0;;N;;;;;
21;241949601;241949601;OWEB-23774-241949601;;5;GEN;;180024255;0;;0;;01/1997;N;4;3;3;0;;;;1;ZA768BH;;MITSUBISHI;PAJERO;;2;;DIESEL;0;0;0;0;0;0;;0,00;8000000,00;8000000,00;8000000,00;;0,00;N;;;0,00;;;;;0,00;0,00;0,00;;;0;N;;;0;;;0;0;0;0;;;N;;;;;;;;;;0,00;0,00;0,00;0,00;;;0,00;;;;0;0,00;0,00;0,00;;0;0;0,00;0,00;0,00;;0,00;;0,00;0;0;;N;;;;;
21;242815858;242815858;OWEB-23774-242815858;;5;GEN;;180992526;0;;0;;07/1996;N;4;3;3;0;;;;1;AG079VZ;;ALTRE MARCHE;- ALTRI MODELLI;;7;;DIESEL;0;0;0;0;0;0;;0,00;12000000,00;12000000,00;12000000,00;;0,00;N;;;0,00;;;;;0,00;0,00;0,00;;;0;N;;;0;;;0;0;0;0;;;N;;;;;;;;;;0,00;0,00;0,00;0,00;;;0,00;;;;0;0,00;0,00;0,00;;0;0;0,00;0,00;0,00;;0,00;;0,00;0;0;;N;;;;;
21;241950983;241950983;OWEB-23774-241950983;;5;GEN;;180394701;0;;0;087908;08/2012;N;1;1;1;0;;;;1;EN459BM;;HYUNDAI;IX20 1.6 125CV COMFORT;;1;01;BENZINA;17;0;0;1591;0;92;;0,00;15000000,00;15000000,00;15000000,00;;0,00;N;;;0,00;;;;;0,00;0,00;0,00;;;0;N;;;0;;;0;0;0;0;;;N;;;;;;;;;;0,00;0,00;0,00;0,00;;;0,00;;;;0;0,00;0,00;0,00;;0;0;0,00;0,00;0,00;;0,00;;0,00;0;0;;N;;;;;
21;241950981;241950981;OWEB-23774-241950981;;5;GEN;;180394699;0;;0;;02/2001;N;4;3;3;0;;;;1;BR751AA;;RENAULT;MASTER;;1;;DIESEL;0;0;0;0;0;0;;0,00;15000000,00;15000000,00;15000000,00;;0,00;N;;;0,00;;;;;0,00;0,00;0,00;;;0;N;;;0;;;0;0;0;0;;;N;;;;;;;;;;0,00;0,00;0,00;0,00;;;0,00;;;;0;0,00;0,00;0,00;;0;0;0,00;0,00;0,00;;0,00;;0,00;0;0;;N;;;;;
21;241951353;241951353;OWEB-23774-241951353;;5;GEN;;180395071;0;;0;004861;06/2023;N;5;31;0;0;;;;1;EW09506;;HONDA;SH 125 ABS;;1;;BENZINA;0;0;0;125;0;9;;0,00;8000000,00;8000000,00;8000000,00;;0,00;N;;;0,00;;;;;0,00;0,00;0,00;;;0;N;;;0;;;0;0;0;0;;;N;;;;;;;;;;0,00;0,00;0,00;0,00;;;0,00;;;;0;0,00;0,00;0,00;;0;0;0,00;0,00;0,00;;0,00;;0,00;0;0;;N;;;;;
21;250720193;250720193;OWEB-23774-250720193;;5;GEN;;182259560;0;;0;;10/1991;N;7;70;0;0;;;;2;SO010640;;FENDT;248;;5;;;0;0;0;0;0;0;;0,00;15000000,00;15000000,00;15000000,00;;0,00;N;;;0,00;;;;;0,00;0,00;0,00;;;0;N;;;0;;;0;0;0;0;;;N;;;;;;;;;;0,00;0,00;0,00;0,00;;;0,00;;;;0;0,00;0,00;0,00;;0;0;0,00;0,00;0,00;;0,00;;0,00;0;0;;N;;;;;
21;250720196;250720196;OWEB-23774-250720196;;5;GEN;;182259563;0;;0;;01/2001;N;7;70;0;0;;;;1;AJ898M;;LANDINI;A;;9;;;0;0;0;0;0;0;;0,00;15000000,00;15000000,00;15000000,00;;0,00;N;;;0,00;;;;;0,00;0,00;0,00;;;0;N;;;0;;;0;0;0;0;;;N;;;;;;;;;;0,00;0,00;0,00;0,00;;;0,00;;;;0;0,00;0,00;0,00;;0;0;0,00;0,00;0,00;;0,00;;0,00;0;0;;N;;;;;
21;241951093;241951093;OWEB-23774-241951093;;5;GEN;;180394811;0;;0;063675;07/2005;N;1;1;1;0;;;;1;CS388BR;;FIAT;PANDA 1.2 4X4;;1;01;BENZINA;14;0;0;1242;0;44;;0,00;8000000,00;8000000,00;8000000,00;;0,00;N;;;0,00;;;;;0,00;0,00;0,00;;;0;N;;;0;;;0;0;0;0;;;N;;;;;;;;;;0,00;0,00;0,00;0,00;;;0,00;;;;0;0,00;0,00;0,00;;0;0;0,00;0,00;0,00;;0,00;;0,00;0;0;;N;;;;;
21;241951048;241951048;OWEB-23774-241951048;;5;GEN;;180394766;0;;0;;07/2000;N;4;3;3;0;;;;1;BK776LC;;DAIMLERCHRYSLER;MB3340AK;;8;;DIESEL;0;0;0;0;0;0;;0,00;26000000,00;26000000,00;26000000,00;;0,00;N;;;0,00;;;;;0,00;0,00;0,00;;;0;N;;;0;;;0;0;0;0;;;N;;;;;;;;;;0,00;0,00;0,00;0,00;;;0,00;;;;0;0,00;0,00;0,00;;0;0;0,00;0,00;0,00;;0,00;;0,00;0;0;;N;;;;;
21;241950976;241950976;OWEB-23774-241950976;;5;GEN;;180394694;0;;0;063676;09/2005;N;1;1;1;0;;;;1;CT303XN;;FIAT;PANDA 1.2 4X4 CLIMBING;;1;01;BENZINA;14;0;0;1242;0;44;;0,00;12000000,00;12000000,00;12000000,00;;0,00;N;;;0,00;;;;;0,00;0,00;0,00;;;0;N;;;0;;;0;0;0;0;;;N;;;;;;;;;;0,00;0,00;0,00;0,00;;;0,00;;;;0;0,00;0,00;0,00;;0;0;0,00;0,00;0,00;;0,00;;0,00;0;0;;N;;;;;
21;241951493;241951493;OWEB-23774-241951493;;5;GEN;;180991802;0;;0;070912;07/2009;N;1;1;1;0;;;;1;DX840ED;;CITROEN;C4 GRAND PICASSO 2.0 H;;1;01;DIESEL;20;0;0;1997;0;100;;0,00;8000000,00;8000000,00;8000000,00;;0,00;N;;;0,00;;;;;0,00;0,00;0,00;;;0;N;;;0;;;0;0;0;0;;;N;;;;;;;;;;0,00;0,00;0,00;0,00;;;0,00;;;;0;0,00;0,00;0,00;;0;0;0,00;0,00;0,00;;0,00;;0,00;0;0;;N;;;;;
21;241951533;241951533;OWEB-23774-241951533;;5;GEN;;180991842;0;;0;082665;09/2010;N;1;1;1;0;;;;1;EF810KN;;FIAT;PUNTO EVO 1.3 MJT 90 CV 5;;1;01;DIESEL;15;0;0;1248;0;66;;0,00;26000000,00;26000000,00;26000000,00;;0,00;N;;;0,00;;;;;0,00;0,00;0,00;;;0;N;;;0;;;0;0;0;0;;;N;;;;;;;;;;0,00;0,00;0,00;0,00;;;0,00;;;;0;0,00;0,00;0,00;;0;0;0,00;0,00;0,00;;0,00;;0,00;0;0;;N;;;;;
21;241951451;241951451;OWEB-23774-241951451;;5;GEN;;180991760;0;;0;080061;10/2009;N;1;1;1;0;;;;1;DY577PM;;VOLKSWAGEN;GOLF 2.0 TDI 140CV;;1;01;DIESEL;20;0;0;1968;0;103;;0,00;12000000,00;12000000,00;12000000,00;;0,00;N;;;0,00;;;;;0,00;0,00;0,00;;;0;N;;;0;;;0;0;0;0;;;N;;;;;;;;;;0,00;0,00;0,00;0,00;;;0,00;;;;0;0,00;0,00;0,00;;0;0;0,00;0,00;0,00;;0,00;;0,00;0;0;;N;;;;;
21;241951481;241951481;OWEB-23774-241951481;;5;GEN;;180991790;0;;0;063676;01/2009;N;1;1;1;0;;;;1;DV492LM;;FIAT;PANDA 1.2 4X4 CLIMBING;;1;01;BENZINA;14;0;0;1242;0;44;;0,00;15000000,00;15000000,00;15000000,00;;0,00;N;;;0,00;;;;;0,00;0,00;0,00;;;0;N;;;0;;;0;0;0;0;;;N;;;;;;;;;;0,00;0,00;0,00;0,00;;;0,00;;;;0;0,00;0,00;0,00;;0;0;0,00;0,00;0,00;;0,00;;0,00;0;0;;N;;;;;
21;241951503;241951503;OWEB-23774-241951503;;5;GEN;;180991812;0;;0;;08/2000;N;1;1;1;0;;;;1;DC786MJ;;VOLKSWAGEN;GOLF 1.6;;1;01;BENZINA;4;0;0;0;0;74;;0,00;26000000,00;26000000,00;26000000,00;;0,00;N;;;0,00;;;;;0,00;0,00;0,00;;;0;N;;;0;;;0;0;0;0;;;N;;;;;;;;;;0,00;0,00;0,00;0,00;;;0,00;;;;0;0,00;0,00;0,00;;0;0;0,00;0,00;0,00;;0,00;;0,00;0;0;;N;;;;;
21;241951507;241951507;OWEB-23774-241951507;;5;GEN;;180991816;0;;0;;10/2009;N;4;3;3;0;;;;1;DX863CP;;PIAGGIO;PORTER;;9;;BENZINA;0;0;0;0;0;0;;0,00;8000000,00;8000000,00;8000000,00;;0,00;N;;;0,00;;;;;0,00;0,00;0,00;;;0;N;;;0;;;0;0;0;0;;;N;;;;;;;;;;0,00;0,00;0,00;0,00;;;0,00;;;;0;0,00;0,00;0,00;;0;0;0,00;0,00;0,00;;0,00;;0,00;0;0;;N;;;;;
21;241951468;241951468;OWEB-23774-241951468;;5;GEN;;180991777;0;;0;105679;12/2015;N;1;1;1;0;;;;1;FB599FX;;JEEP;RENEGADE 2.0 MJT 140CV 4W;;1;01;DIESEL;20;0;0;1956;0;103;;0,00;8000000,00;8000000,00;8000000,00;;0,00;N;;;0,00;;;;;0,00;0,00;0,00;;;0;N;;;0;;;0;0;0;0;;;N;;;;;;;;;;0,00;0,00;0,00;0,00;;;0,00;;;;0;0,00;0,00;0,00;;0;0;0,00;0,00;0,00;;0,00;;0,00;0;0;;N;;;;;
21;241951505;241951505;OWEB-23774-241951505;;5;GEN;;180991814;0;;0;046214;09/2000;N;1;1;1;0;;;;1;BK857KX;;FIAT;SEICENTO 1.1I CAT SPORTIN;;1;01;BENZINA;13;0;0;1108;0;40;;0,00;15000000,00;15000000,00;15000000,00;;0,00;N;;;0,00;;;;;0,00;0,00;0,00;;;0;N;;;0;;;0;0;0;0;;;N;;;;;;;;;;0,00;0,00;0,00;0,00;;;0,00;;;;0;0,00;0,00;0,00;;0;0;0,00;0,00;0,00;;0,00;;0,00;0;0;;N;;;;;
21;241951565;241951565;OWEB-23774-241951565;;5;GEN;;180991874;0;;0;;03/1992;N;5;32;0;0;;;;2;SO056590;;PIAGGIO;APE;;1;;BENZINA;0;0;0;218;0;0;;0,00;8000000,00;8000000,00;8000000,00;;0,00;N;;;0,00;;;;;0,00;0,00;0,00;;;0;N;;;0;;;0;0;0;0;;;N;;;;;;;;;;0,00;0,00;0,00;0,00;;;0,00;;;;0;0,00;0,00;0,00;;0;0;0,00;0,00;0,00;;0,00;;0,00;0;0;;N;;;;;
21;241951182;241951182;OWEB-23774-241951182;;5;GEN;;180394900;0;;0;;02/2005;N;4;3;3;0;;;;1;CT999EC;;PIAGGIO;PORTER;;11;;BENZINA;0;0;0;0;0;0;;0,00;8000000,00;8000000,00;8000000,00;;0,00;N;;;0,00;;;;;0,00;0,00;0,00;;;0;N;;;0;;;0;0;0;0;;;N;;;;;;;;;;0,00;0,00;0,00;0,00;;;0,00;;;;0;0,00;0,00;0,00;;0;0;0,00;0,00;0,00;;0,00;;0,00;0;0;;N;;;;;
21;241951209;241951209;OWEB-23774-241951209;;5;GEN;;180394927;0;;0;134698;12/2019;N;1;1;1;0;;;;1;FY743XT;;SKODA;KAROQ 2.0 TDI SCR 4X4 DS;;1;01;DIESEL;20;0;0;1968;0;110;;0,00;12000000,00;12000000,00;12000000,00;;0,00;N;;;0,00;;;;;0,00;0,00;0,00;;;0;N;;;0;;;0;0;0;0;;;N;;;;;;;;;;0,00;0,00;0,00;0,00;;;0,00;;;;0;0,00;0,00;0,00;;0;0;0,00;0,00;0,00;;0,00;;0,00;0;0;;N;;;;;
21;241951588;241951588;OWEB-23774-241951588;;5;GEN;;180991897;0;;0;112614;02/2016;N;1;1;1;0;;;;1;FB882XR;;SKODA;YETI 1.2 TSI DESIGN EDIT;;1;01;BENZINA;14;0;0;1197;0;81;;0,00;8000000,00;8000000,00;8000000,00;;0,00;N;;;0,00;;;;;0,00;0,00;0,00;;;0;N;;;0;;;0;0;0;0;;;N;;;;;;;;;;0,00;0,00;0,00;0,00;;;0,00;;;;0;0,00;0,00;0,00;;0;0;0,00;0,00;0,00;;0,00;;0,00;0;0;;N;;;;;
21;241951322;241951322;OWEB-23774-241951322;;5;GEN;;180395040;0;;0;065487;02/2007;N;1;1;1;0;;;;1;DE363CE;;MERCEDES;B 200 CDI CHROME;;3;12;DIESEL;20;0;0;1991;0;103;;0,00;8000000,00;8000000,00;8000000,00;;0,00;N;;;0,00;;;;;0,00;0,00;0,00;;;0;N;;;0;;;0;0;0;0;;;N;;;;;;;;;;0,00;0,00;0,00;0,00;;;0,00;;;;0;0,00;0,00;0,00;;0;0;0,00;0,00;0,00;;0,00;;0,00;0;0;;N;;;;;
21;241951437;241951437;OWEB-23774-241951437;;5;GEN;;180991746;0;;0;;08/2017;N;5;30;0;0;;;;4;X7SP8R;ZAPC1600000030899;PIAGGIO;VESPA;;8;;BENZINA;0;0;0;49;0;0;;0,00;15000000,00;15000000,00;15000000,00;;0,00;N;;;0,00;;;;;0,00;0,00;0,00;;;0;N;;;0;;;0;0;0;0;;;N;;;;;;;;;;0,00;0,00;0,00;0,00;;;0,00;;;;0;0,00;0,00;0,00;;0;0;0,00;0,00;0,00;;0,00;;0,00;0;0;;N;;;;;
21;277547402;277547402;OWEB-23774-277547402;;5;GEN;;183629679;0;;0;136277;12/2025;N;1;1;1;0;;;;1;HB798SJ;;FORD;FOCUS 1.0 ECOBOOST HYBRID;;1;01;IBRIDA;12;0;0;999;0;92;;0,00;15000000,00;15000000,00;15000000,00;;0,00;N;;;0,00;;;;;0,00;0,00;0,00;;;0;N;;;0;;;0;0;0;0;;;N;;;;;;;;;;0,00;0,00;0,00;0,00;;;0,00;;;;0;0,00;0,00;0,00;;0;0;0,00;0,00;0,00;;0,00;;0,00;0;0;;N;;;;;
21;283112151;283112151;OWEB-23774-283112151;;5;GEN;;184642980;0;;0;004744;05/2018;N;5;31;0;0;;;;1;EL10721;;PIAGGIO;BEVERLY 350 SPORT TOUR;;6;;BENZINA;0;0;0;330;0;0;;0,00;8000000,00;8000000,00;8000000,00;;0,00;N;;;0,00;;1500;;;0,00;0,00;0,00;;;0;N;;;0;;;0;0;0;0;;;N;;;;;;;;;;0,00;0,00;0,00;0,00;;;0,00;;;;0;0,00;0,00;0,00;;0;0;0,00;0,00;0,00;;0,00;;0,00;0;0;;N;;;;;
21;254739636;254739636;OWEB-23774-254739636;;5;GEN;;182259847;0;;0;107882;08/2017;N;1;1;1;0;;;;1;FK409VS;;FORD;ECOSPORT 1.0 ECOBOOST 125;;1;01;BENZINA;12;0;0;998;0;92;;0,00;8000000,00;8000000,00;8000000,00;;0,00;N;;;0,00;;11100;;;0,00;0,00;0,00;;;0;N;;;0;;;0;0;0;0;;;N;;;;;;;;;;0,00;0,00;0,00;0,00;;;0,00;;;;0;0,00;0,00;0,00;;0;0;0,00;0,00;0,00;;0,00;;0,00;0;0;;N;;;;;
21;250720197;250720197;OWEB-23774-250720197;;5;GEN;;182259564;0;;0;;02/2004;N;7;76;0;0;;;;2;SO002920;;GALVAGNI;FG 35 RT;;9;;;0;0;0;0;0;0;;0,00;8000000,00;8000000,00;8000000,00;;0,00;N;;;0,00;;;;;0,00;0,00;0,00;;;0;N;;;0;;;0;0;0;0;;;N;;;;;;;;;;0,00;0,00;0,00;0,00;;;0,00;;;;0;0,00;0,00;0,00;;0;0;0,00;0,00;0,00;;0,00;;0,00;0;0;;N;;;;;
21;254101911;254101911;OWEB-23774-254101911;;5;GEN;;182259780;0;;0;056953;02/2003;N;1;1;1;0;;;;1;CA848YS;;SKODA;FABIA 1.4/75 CV 16V CAT;;10;22;BENZINA;16;0;0;1390;0;55;;0,00;8000000,00;8000000,00;8000000,00;;0,00;N;;;0,00;;;;;0,00;0,00;0,00;;;0;N;;;0;;;0;0;0;0;;;N;;;;;;;;;;0,00;0,00;0,00;0,00;;;0,00;;;;0;0,00;0,00;0,00;;0;0;0,00;0,00;0,00;;0,00;;0,00;0;0;;N;;;;;
21;254143676;254143676;OWEB-23774-254143676;;5;GEN;;182259790;0;;0;;07/2024;N;1;1;1;0;;;;1;GW172GM;;VOLVO;- XC40;;1;01;BENZINA;20;0;0;1969;0;120;;0,00;8000000,00;8000000,00;8000000,00;;0,00;N;;;0,00;;;;;0,00;0,00;0,00;;;0;N;;;0;;;0;0;0;0;;;N;;;;;;;;;;0,00;0,00;0,00;0,00;;;0,00;;;;0;0,00;0,00;0,00;;0;0;0,00;0,00;0,00;;0,00;;0,00;0;0;;N;;;;;
21;271421910;271421910;OWEB-23774-271421910;;5;GEN;;183629287;0;;0;082650;08/2011;N;1;1;1;0;;;;1;EJ462GG;;FIAT;PUNTO EVO 1.4 M.AIR 16V 5;;1;09;BENZINA;15;0;0;1368;0;77;;0,00;15000000,00;15000000,00;15000000,00;;0,00;N;;;0,00;;;;;0,00;0,00;0,00;;;0;N;;;0;;;0;0;0;0;;;N;;;;;;;;;;0,00;0,00;0,00;0,00;;;0,00;;;;0;0,00;0,00;0,00;;0;0;0,00;0,00;0,00;;0,00;;0,00;0;0;;N;;;;;
21;271612952;271612952;OWEB-23774-271612952;;5;GEN;;183629327;0;;0;106970;03/2017;N;1;1;1;0;;;;1;FJ683DT;;HYUNDAI;I20 1.2 84 CV 5 PORTE;;1;01;BENZINA;15;0;0;1248;0;61;;0,00;20000000,00;20000000,00;20000000,00;;0,00;N;;;0,00;;;;;0,00;0,00;0,00;;;0;N;;;0;;;0;0;0;0;;;N;;;;;;;;;;0,00;0,00;0,00;0,00;;;0,00;;;;0;0,00;0,00;0,00;;0;0;0,00;0,00;0,00;;0,00;;0,00;0;0;;N;;;;;
21;278598583;278598583;OWEB-23774-278598583;;5;GEN;;183629747;0;;0;155394;09/2025;N;1;1;1;0;;;;1;HA695ZH;;JEEP;AVENGER 1.2 TURBO 110 CV;;1;01;IBRIDA;14;0;0;1199;0;74;;0,00;12000000,00;12000000,00;12000000,00;;0,00;N;;;0,00;;23300;;;0,00;0,00;0,00;;;0;N;;;0;;;0;0;0;0;;;N;;;;;;;;;;0,00;0,00;0,00;0,00;;;0,00;;;;0;0,00;0,00;0,00;;0;0;0,00;0,00;0,00;;0,00;;0,00;0;0;;N;;;;;
21;251633975;251633975;OWEB-23774-251633975;;5;GEN;;182259605;0;;0;100405;07/2014;N;1;1;1;0;;;;1;EW276CM;;SUZUKI;SWIFT 1.3 DDIS 5 PORTE;;1;01;DIESEL;15;0;0;1248;0;55;;0,00;8000000,00;8000000,00;8000000,00;;0,00;N;;;0,00;;4900;;;0,00;0,00;0,00;;;0;N;;;0;;;0;0;0;0;;;N;;;;;;;;;;0,00;0,00;0,00;0,00;;;0,00;;;;0;0,00;0,00;0,00;;0;0;0,00;0,00;0,00;;0,00;;0,00;0;0;;N;;;;;
21;271751873;271751873;OWEB-23774-271751873;;5;GEN;;183629334;0;;0;096622;03/2013;N;1;1;1;0;;;;1;EP908MP;;RENAULT;CLIO 1.5 DCI 8V 75CV 5;;1;01;DIESEL;16;0;0;1461;0;55;;0,00;8000000,00;8000000,00;8000000,00;;0,00;N;;;0,00;;4300;;;0,00;0,00;0,00;;;0;N;;;0;;;0;0;0;0;;;N;;;;;;;;;;0,00;0,00;0,00;0,00;;;0,00;;;;0;0,00;0,00;0,00;;0;0;0,00;0,00;0,00;;0,00;;0,00;0;0;;N;;;;;
21;272219072;272219072;OWEB-23774-272219072;;5;GEN;;183629351;0;;0;125673;02/2021;N;1;1;1;0;;;;1;GD373HR;;JEEP;RENEGADE 1.0 T3 LIMITED;;1;09;BENZINA;12;0;0;999;0;88;;0,00;12000000,00;12000000,00;12000000,00;;0,00;N;;;0,00;;16300;;;0,00;0,00;0,00;;;0;N;;;0;;;0;0;0;0;;;N;;;;;;;;;;0,00;0,00;0,00;0,00;;;0,00;;;;0;0,00;0,00;0,00;;0;0;0,00;0,00;0,00;;0,00;;0,00;0;0;;N;;;;;
21;272219042;272219042;OWEB-23774-272219042;;5;GEN;;183629347;0;;0;014340;11/1987;N;5;30;0;0;;;;4;XB8Z73;0155743;PIAGGIO;VESPA PK 50 XL;;2;;BENZINA;0;0;0;49;0;1;;0,00;8000000,00;8000000,00;8000000,00;;0,00;N;;;0,00;;;;;0,00;0,00;0,00;;;0;N;;;0;;;0;0;0;0;;;N;;;;;;;;;;0,00;0,00;0,00;0,00;;;0,00;;;;0;0,00;0,00;0,00;;0;0;0,00;0,00;0,00;;0,00;;0,00;0;0;;N;;;;;
21;272219071;272219071;OWEB-23774-272219071;;5;GEN;;183629348;0;;0;062366;07/2005;N;4;3;2;0;;;;1;CV560SE;;RENAULT;KANGOO 1.5 DCI/65CV 4P;;1;;DIESEL;0;0;0;0;0;0;;0,00;8000000,00;8000000,00;8000000,00;;0,00;N;;;0,00;;;;;0,00;0,00;0,00;;;0;N;;;0;;;0;0;0;0;;;N;;;;;;;;;;0,00;0,00;0,00;0,00;;;0,00;;;;0;0,00;0,00;0,00;;0;0;0,00;0,00;0,00;;0,00;;0,00;0;0;;N;;;;;
21;288913899;288913899;OWEB-23774-288913899;;5;GEN;;184643226;0;;0;070315;06/2008;N;1;1;1;0;;;;1;DP854PT;;OPEL;CORSA 1.2 3 PORTE CLUB;;1;01;BENZINA;14;0;0;1229;0;59;;0,00;8000000,00;8000000,00;8000000,00;;0,00;N;;;0,00;;;;;0,00;0,00;0,00;;;0;N;;;0;;;0;0;0;0;;;N;;;;;;;;;;0,00;0,00;0,00;0,00;;;0,00;;;;0;0,00;0,00;0,00;;0;0;0,00;0,00;0,00;;0,00;;0,00;0;0;;N;;;;;
21;254275144;254275144;OWEB-23774-254275144;;5;GEN;;182259806;0;;0;006584;08/2024;N;5;31;0;0;;;;1;FK34608;;ZONTES;ZT 125 H;;14;;BENZINA;0;0;0;124;0;8;;0,00;8000000,00;8000000,00;8000000,00;;0,00;N;;;0,00;;1990;;;0,00;0,00;0,00;;;0;N;;;0;;;0;0;0;0;;;N;;;;;;;;;;0,00;0,00;0,00;0,00;;;0,00;;;;0;0,00;0,00;0,00;;0;0;0,00;0,00;0,00;;0,00;;0,00;0;0;;N;;;;;
21;254302232;254302232;OWEB-23774-254302232;;5;GEN;;182259808;0;;0;091742;10/2013;N;1;1;1;0;;;;1;ES480WL;;AUDI;A5 2.0 TDI 177 CV;;1;01;DIESEL;20;0;0;1968;0;130;;0,00;8000000,00;8000000,00;8000000,00;;0,00;N;;;0,00;;4800;;;0,00;0,00;0,00;;;0;N;;;0;;;0;0;0;0;;;N;;;;;;;;;;0,00;0,00;0,00;0,00;;;0,00;;;;0;0,00;0,00;0,00;;0;0;0,00;0,00;0,00;;0,00;;0,00;0;0;;N;;;;;
21;272219073;272219073;OWEB-23774-272219073;;5;GEN;;183629349;0;;0;;07/2003;N;4;3;2;0;;;;1;CH940PC;;ALTRE MARCHE;- ALTRI MODELLI;;9;;DIESEL;0;0;0;0;0;0;;0,00;8000000,00;8000000,00;8000000,00;;0,00;N;;;0,00;;;;;0,00;0,00;0,00;;;0;N;;;0;;;0;0;0;0;;;N;;;;;;;;;;0,00;0,00;0,00;0,00;;;0,00;;;;0;0,00;0,00;0,00;;0;0;0,00;0,00;0,00;;0,00;;0,00;0;0;;N;;;;;
21;272219130;272219130;OWEB-23774-272219130;;5;GEN;;183629362;0;;0;147858;11/2024;N;4;3;2;0;;;;1;GX205NE;;FORD;TRANSIT CUSTOM 280 2.0 EC;;14;;DIESEL;0;0;0;0;0;0;;0,00;8000000,00;8000000,00;8000000,00;;0,00;N;;;0,00;;30000;;;0,00;0,00;0,00;;;0;N;;;0;;;0;0;0;0;;;N;;;;;;;;;;0,00;0,00;0,00;0,00;;;0,00;;;;0;0,00;0,00;0,00;;0;0;0,00;0,00;0,00;;0,00;;0,00;0;0;;N;;;;;
21;272247210;272247210;OWEB-23774-272247210;;5;GEN;;183629369;0;;0;001579;05/2005;N;5;30;0;0;;;;4;X5K2SN;LC2U6000051000286;KYMCO;AGILITY 50;;1;;BENZINA;0;0;0;49;0;2;;0,00;8000000,00;8000000,00;8000000,00;;0,00;N;;;0,00;;;;;0,00;0,00;0,00;;;0;N;;;0;;;0;0;0;0;;;N;;;;;;;;;;0,00;0,00;0,00;0,00;;;0,00;;;;0;0,00;0,00;0,00;;0;0;0,00;0,00;0,00;;0,00;;0,00;0;0;;N;;;;;
21;272273282;272273282;OWEB-23774-272273282;;5;GEN;;183629372;0;;0;089789;06/2012;N;1;1;1;0;;;;1;EN499MJ;;HYUNDAI;I20 1.4 CRDI 3P. SOUND;;1;01;DIESEL;16;0;0;1396;0;55;;0,00;8000000,00;8000000,00;8000000,00;;0,00;N;;;0,00;;2800;;;0,00;0,00;0,00;;;0;N;;;0;;;0;0;0;0;;;N;;;;;;;;;;0,00;0,00;0,00;0,00;;;0,00;;;;0;0,00;0,00;0,00;;0;0;0,00;0,00;0,00;;0,00;;0,00;0;0;;N;;;;;
21;260773943;260773943;OWEB-23774-260773943;;5;GEN;;182260153;0;;0;073152;04/2008;N;1;1;1;0;;;;1;DP664YZ;;OPEL;ASTRA 1.6 16V VVT 5 PORTE;;1;01;BENZINA;17;0;0;1598;0;85;;0,00;8000000,00;8000000,00;8000000,00;;0,00;N;;;0,00;;;;;0,00;0,00;0,00;;;0;N;;;0;;;0;0;0;0;;;N;;;;;;;;;;0,00;0,00;0,00;0,00;;;0,00;;;;0;0,00;0,00;0,00;;0;0;0,00;0,00;0,00;;0,00;;0,00;0;0;;N;;;;;
21;288929359;288929359;OWEB-23774-288929359;;5;GEN;;184643233;0;;0;;05/2021;N;5;31;0;0;;;;1;EW04879;;SCORPA;ST - 2 12;;9;;BENZINA;0;0;0;124;0;5;;0,00;15000000,00;15000000,00;15000000,00;;0,00;N;;;0,00;;1500;;;0,00;0,00;0,00;;;0;N;;;0;;;0;0;0;0;;;N;;;;;;;;;;0,00;0,00;0,00;0,00;;;0,00;;;;0;0,00;0,00;0,00;;0;0;0,00;0,00;0,00;;0,00;;0,00;0;0;;N;;;;;
21;259882068;259882068;OWEB-23774-259882068;;5;GEN;;182260110;0;;0;;01/2025;N;4;5;3;0;;;;1;GX142EM;;VOLVO;FH;;10;;DIESEL;0;0;0;0;0;0;;0,00;26000000,00;26000000,00;26000000,00;;0,00;N;;;0,00;;;;;0,00;0,00;0,00;;;0;N;;;0;;;0;0;0;0;;;N;;;;;;;;;;0,00;0,00;0,00;0,00;;;0,00;;;;0;0,00;0,00;0,00;;0;0;0,00;0,00;0,00;;0,00;;0,00;0;0;;N;;;;;
21;252900239;252900239;OWEB-23774-252900239;;5;GEN;;182259683;0;;0;;06/2024;N;4;3;2;0;;;;1;GT313ZA;;MAN;TGM;;14;;DIESEL;0;0;0;0;0;0;;0,00;26000000,00;26000000,00;26000000,00;;0,00;N;;;0,00;;;;;0,00;0,00;0,00;;;0;N;;;0;;;0;0;0;0;;;N;;;;;;;;;;0,00;0,00;0,00;0,00;;;0,00;;;;0;0,00;0,00;0,00;;0;0;0,00;0,00;0,00;;0,00;;0,00;0;0;;N;;;;;
21;271356974;271356974;OWEB-23774-271356974;;5;GEN;;183629250;0;;0;;06/2024;N;4;3;3;0;;;;1;GT023YW;;SCANIA;G500;;13;;DIESEL;0;0;0;0;0;0;;0,00;26000000,00;26000000,00;26000000,00;;0,00;N;;;0,00;;;;;0,00;0,00;0,00;;;0;N;;;0;;;0;0;0;0;;;N;;;;;;;;;;0,00;0,00;0,00;0,00;;;0,00;;;;0;0,00;0,00;0,00;;0;0;0,00;0,00;0,00;;0,00;;0,00;0;0;;N;;;;;
21;271422149;271422149;OWEB-23774-271422149;;5;GEN;;183629292;0;;0;066799;01/2008;N;1;1;1;0;;;;1;DM717GS;;AUDI;A3 SPB 2.0 TDI F.AP. AMBI;;11;23;DIESEL;20;0;0;1968;0;103;;0,00;8000000,00;8000000,00;8000000,00;;0,00;N;;;0,00;;;;;0,00;0,00;0,00;;;0;N;;;0;;;0;0;0;0;;;N;;;;;;;;;;0,00;0,00;0,00;0,00;;;0,00;;;;0;0,00;0,00;0,00;;0;0;0,00;0,00;0,00;;0,00;;0,00;0;0;;N;;;;;
21;277532834;277532834;OWEB-23774-277532834;;5;GEN;;183629667;0;;0;101474;08/2015;N;1;1;1;0;;;;1;FA529DC;;TOYOTA;LAND CRUISER 3.0 D4-D A;;1;01;DIESEL;26;0;0;2982;0;140;;0,00;15000000,00;15000000,00;15000000,00;;0,00;N;;;0,00;;;;;0,00;0,00;0,00;;;0;N;;;0;;;0;0;0;0;;;N;;;;;;;;;;0,00;0,00;0,00;0,00;;;0,00;;;;0;0,00;0,00;0,00;;0;0;0,00;0,00;0,00;;0,00;;0,00;0;0;;N;;;;;
21;271422184;271422184;OWEB-23774-271422184;;5;GEN;;183629296;0;;0;063692;08/2004;N;1;1;1;0;;;;1;CN804GE;;SKODA;FABIA 1.4 16V/75 CV CAT;;1;06;BENZINA;16;0;0;1390;0;55;;0,00;8000000,00;8000000,00;8000000,00;;0,00;N;;;0,00;;;;;0,00;0,00;0,00;;;0;N;;;0;;;0;0;0;0;;;N;;;;;;;;;;0,00;0,00;0,00;0,00;;;0,00;;;;0;0,00;0,00;0,00;;0;0;0,00;0,00;0,00;;0,00;;0,00;0;0;;N;;;;;
21;254275140;254275140;OWEB-23774-254275140;;5;GEN;;182259802;0;;0;;05/2010;N;4;3;3;0;;;;1;EC727JE;;ALTRE MARCHE;- ALTRI MODELLI;;1;;DIESEL;0;0;0;0;0;0;;0,00;15000000,00;15000000,00;15000000,00;;0,00;N;;;0,00;;;;;0,00;0,00;0,00;;;0;N;;;0;;;0;0;0;0;;;N;;;;;;;;;;0,00;0,00;0,00;0,00;;;0,00;;;;0;0,00;0,00;0,00;;0;0;0,00;0,00;0,00;;0,00;;0,00;0;0;;N;;;;;
21;271568276;271568276;OWEB-23774-271568276;;5;GEN;;183629324;0;;0;;04/2025;N;7;70;0;0;;;;1;BX072E;;STEYR;DJ;;1;;;0;0;0;0;0;0;;0,00;8000000,00;8000000,00;8000000,00;;0,00;N;;;0,00;;;;;0,00;0,00;0,00;;;0;N;;;0;;;0;0;0;0;;;N;;;;;;;;;;0,00;0,00;0,00;0,00;;;0,00;;;;0;0,00;0,00;0,00;;0;0;0,00;0,00;0,00;;0,00;;0,00;0;0;;N;;;;;
21;272219101;272219101;OWEB-23774-272219101;;5;GEN;;183629359;0;;0;122842;08/2019;N;1;1;1;0;;;;1;FX698KW;;PEUGEOT;3008 BLUEHDI 130 S&S E;;1;03;DIESEL;16;0;0;1499;0;96;;0,00;8000000,00;8000000,00;8000000,00;;0,00;N;;;0,00;;18500;;;0,00;0,00;0,00;;;0;N;;;0;;;0;0;0;0;;;N;;;;;;;;;;0,00;0,00;0,00;0,00;;;0,00;;;;0;0,00;0,00;0,00;;0;0;0,00;0,00;0,00;;0,00;;0,00;0;0;;N;;;;;
21;260773941;260773941;OWEB-23774-260773941;;5;GEN;;182260151;0;;0;093776;10/2014;N;1;1;1;0;;;;1;EW697TE;;FIAT;PANDA 1.2 EASY;;1;01;BENZINA;14;0;0;1242;0;51;;0,00;12000000,00;12000000,00;12000000,00;;0,00;N;;;0,00;;5200;;;0,00;0,00;0,00;;;0;N;;;0;;;0;0;0;0;;;N;;;;;;;;;;0,00;0,00;0,00;0,00;;;0,00;;;;0;0,00;0,00;0,00;;0;0;0,00;0,00;0,00;;0,00;;0,00;0;0;;N;;;;;
21;278475979;278475979;OWEB-23774-278475979;;5;GEN;;183629739;0;;0;;03/2021;N;4;3;3;0;;;;1;GE236AL;;MERCEDES;- SPRINTER;;16;;DIESEL;0;0;0;0;0;0;;0,00;8000000,00;8000000,00;8000000,00;;0,00;N;;;0,00;;;;;0,00;0,00;0,00;;;0;N;;;0;;;0;0;0;0;;;N;;;;;;;;;;0,00;0,00;0,00;0,00;;;0,00;;;;0;0,00;0,00;0,00;;0;0;0,00;0,00;0,00;;0,00;;0,00;0;0;;N;;;;;
21;268184822;268184822;OWEB-23774-268184822;;5;GEN;;183629186;0;;0;152944;09/2024;N;1;1;1;0;;;;1;GW419CK;;TOYOTA;YARIS CROSS 1.5 HYBRID;;1;01;IBRIDA;16;0;0;1490;0;68;;0,00;12000000,00;12000000,00;12000000,00;;0,00;N;;;0,00;;27700;;;0,00;0,00;0,00;;;0;N;;;0;;;0;0;0;0;;;N;;;;;;;;;;0,00;0,00;0,00;0,00;;;0,00;;;;0;0,00;0,00;0,00;;0;0;0,00;0,00;0,00;;0,00;;0,00;0;0;;N;;;;;
21;289400527;289400527;OWEB-23774-289400527;;5;GEN;;732884004;0;;0;;;;0;0;0;0;;;;0;;;;;;0;;;0;0;0;0;0;0;;0,00;0,00;0,00;0,00;;0,00;;;;0,00;;;;N;0,00;0,00;0,00;;;0;N;;;0;;;0;0;0;0;;;N;;;;;;;;;;0,00;0,00;0,00;0,00;;;0,00;;;;0;0,00;0,00;0,00;;0;0;0,00;0,00;0,00;;0,00;;0,00;0;0;;;;;;;
21;286881123;286881123;OWEB-23774-286881123;;0127;UCA-33300;;1001797290;0;;0;;;;0;0;0;0;;;;0;"FP778SV;GE236AL;GW071CJ;GT283HG;GP676AG;GJ836TY;GJ";;;;;0;;;0;0;0;0;0;0;;0,00;0,00;0,00;0,00;;0,00;;;;0,00;;;;N;0,00;0,00;0,00;;;0;N;;;0;;;0;0;0;0;;;N;;;;;;;;;;0,00;0,00;0,00;0,00;;;0,00;;;;0;0,00;0,00;0,00;;0;0;0,00;0,00;0,00;;0,00;;0,00;0;0;;;;;;;
21;289403936;289403936;OWEB-23774-289403936;;0127;UCA-33300;;F100177469300113X;0;;0;;;;0;0;0;0;;;;0;;;;;;0;;;0;0;0;0;0;0;;0,00;0,00;0,00;0,00;;0,00;;;;0,00;;;;N;0,00;0,00;0,00;;;0;N;;;0;;;0;0;0;0;;;N;;;;;;;;;;0,00;0,00;0,00;0,00;;;0,00;;;;0;0,00;0,00;0,00;;0;0;0,00;0,00;0,00;;0,00;;0,00;0;0;;;;;;;
21;241952633;241952633;OWEB-23774-241952633;;5;GEN;;730239690;0;;0;;;;0;0;0;0;;;;0;;;;;;0;;;0;0;0;0;0;0;;0,00;0,00;0,00;0,00;;0,00;;;;0,00;;;;N;0,00;0,00;0,00;;;0;N;;;0;;;0;0;0;0;;;N;;;;;;;;;;0,00;0,00;0,00;0,00;;;0,00;;;;0;0,00;0,00;0,00;;0;0;0,00;0,00;0,00;;0,00;;0,00;0;0;;;;;;;
21;247897318;247897318;OWEB-23774-247897318;;5;GEN;;730688705;0;;0;;;;0;0;0;0;;;;0;;;;;;0;;;0;0;0;0;0;0;;0,00;0,00;0,00;0,00;;0,00;;;;0,00;;;;N;0,00;0,00;0,00;;;0;N;;;0;;;0;0;0;0;;;N;;;;;;;;;;0,00;0,00;0,00;0,00;;;0,00;;;;0;0,00;0,00;0,00;;0;0;0,00;0,00;0,00;;0,00;;0,00;0;0;;;;;;;
21;247897349;247897349;OWEB-23774-247897349;;5;GEN;;730746992;0;;0;;;;0;0;0;0;;;;0;;;;;;0;;;0;0;0;0;0;0;;0,00;0,00;0,00;0,00;;0,00;;;;0,00;;;;N;0,00;0,00;0,00;;;0;N;;;0;;;0;0;0;0;;;N;;;;;;;;;;0,00;0,00;0,00;0,00;;;0,00;;;;0;0,00;0,00;0,00;;0;0;0,00;0,00;0,00;;0,00;;0,00;0;0;;;;;;;
21;249472837;249472837;OWEB-23774-249472837;;5;GEN;;730787221;0;;0;;;;0;0;0;0;;;;0;;;;;;0;;;0;0;0;0;0;0;;0,00;0,00;0,00;0,00;;0,00;;;;0,00;;;;N;0,00;0,00;0,00;;;0;N;;;0;;;0;0;0;0;;;N;;;;;;;;;;0,00;0,00;0,00;0,00;;;0,00;;;;0;0,00;0,00;0,00;;0;0;0,00;0,00;0,00;;0,00;;0,00;0;0;;;;;;;
21;253621537;253621537;OWEB-23774-253621537;;5;GEN;;731028714;0;;0;;;;0;0;0;0;;;;0;;;;;;0;;;0;0;0;0;0;0;;0,00;0,00;0,00;0,00;;0,00;;;;0,00;;;;N;0,00;0,00;0,00;;;0;N;;;0;;;0;0;0;0;;;N;;;;;;;;;;0,00;0,00;0,00;0,00;;;0,00;;;;0;0,00;0,00;0,00;;0;0;0,00;0,00;0,00;;0,00;;0,00;0;0;;;;;;;
21;257041089;257041089;OWEB-23774-257041089;;5;GEN;;731230320;0;;0;;;;0;0;0;0;;;;0;;;;;;0;;;0;0;0;0;0;0;;0,00;0,00;0,00;0,00;;0,00;;;;0,00;;;;N;0,00;0,00;0,00;;;0;N;;;0;;;0;0;0;0;;;N;;;;;;;;;;0,00;0,00;0,00;0,00;;;0,00;;;;0;0,00;0,00;0,00;;0;0;0,00;0,00;0,00;;0,00;;0,00;0;0;;;;;;;
21;257041101;257041101;OWEB-23774-257041101;;5;GEN;;731243363;0;;0;;;;0;0;0;0;;;;0;;;;;;0;;;0;0;0;0;0;0;;0,00;0,00;0,00;0,00;;0,00;;;;0,00;;;;N;0,00;0,00;0,00;;;0;N;;;0;;;0;0;0;0;;;N;;;;;;;;;;0,00;0,00;0,00;0,00;;;0,00;;;;0;0,00;0,00;0,00;;0;0;0,00;0,00;0,00;;0,00;;0,00;0;0;;;;;;;
21;241952781;241952781;OWEB-23774-241952781;;5;GEN;;730285425;0;;0;;;;0;0;0;0;;;;0;;;;;;0;;;0;0;0;0;0;0;;0,00;0,00;0,00;0,00;;0,00;;;;0,00;;;;N;0,00;0,00;0,00;;;0;N;;;0;;;0;0;0;0;;;N;;;;;;;;;;0,00;0,00;0,00;0,00;;;0,00;;;;0;0,00;0,00;0,00;;0;0;0,00;0,00;0,00;;0,00;;0,00;0;0;;;;;;;
21;241952915;241952915;OWEB-23774-241952915;;5;GEN;;732018040;0;;0;;;;0;0;0;0;;;;0;;;;;;0;;;0;0;0;0;0;0;;0,00;0,00;0,00;0,00;;0,00;;;;0,00;;;;N;0,00;0,00;0,00;;;0;N;;;0;;;0;0;0;0;;;N;;;;;;;;;;0,00;0,00;0,00;0,00;;;0,00;;;;0;0,00;0,00;0,00;;0;0;0,00;0,00;0,00;;0,00;;0,00;0;0;;;;;;;
21;241952931;241952931;OWEB-23774-241952931;;5;GEN;;732043865;0;;0;;;;0;0;0;0;;;;0;;;;;;0;;;0;0;0;0;0;0;;0,00;0,00;0,00;0,00;;0,00;;;;0,00;;;;N;0,00;0,00;0,00;;;0;N;;;0;;;0;0;0;0;;;N;;;;;;;;;;0,00;0,00;0,00;0,00;;;0,00;;;;0;0,00;0,00;0,00;;0;0;0,00;0,00;0,00;;0,00;;0,00;0;0;;;;;;;
21;249472858;249472858;OWEB-23774-249472858;;5;GEN;;730814372;0;;0;;;;0;0;0;0;;;;0;;;;;;0;;;0;0;0;0;0;0;;0,00;0,00;0,00;0,00;;0,00;;;;0,00;;;;N;0,00;0,00;0,00;;;0;N;;;0;;;0;0;0;0;;;N;;;;;;;;;;0,00;0,00;0,00;0,00;;;0,00;;;;0;0,00;0,00;0,00;;0;0;0,00;0,00;0,00;;0,00;;0,00;0;0;;;;;;;
21;249472882;249472882;OWEB-23774-249472882;;5;GEN;;730853055;0;;0;;;;0;0;0;0;;;;0;;;;;;0;;;0;0;0;0;0;0;;0,00;0,00;0,00;0,00;;0,00;;;;0,00;;;;N;0,00;0,00;0,00;;;0;N;;;0;;;0;0;0;0;;;N;;;;;;;;;;0,00;0,00;0,00;0,00;;;0,00;;;;0;0,00;0,00;0,00;;0;0;0,00;0,00;0,00;;0,00;;0,00;0;0;;;;;;;
21;249472883;249472883;OWEB-23774-249472883;;5;GEN;;730853656;0;;0;;;;0;0;0;0;;;;0;;;;;;0;;;0;0;0;0;0;0;;0,00;0,00;0,00;0,00;;0,00;;;;0,00;;;;N;0,00;0,00;0,00;;;0;N;;;0;;;0;0;0;0;;;N;;;;;;;;;;0,00;0,00;0,00;0,00;;;0,00;;;;0;0,00;0,00;0,00;;0;0;0,00;0,00;0,00;;0,00;;0,00;0;0;;;;;;;
21;249472889;249472889;OWEB-23774-249472889;;5;GEN;;730857421;0;;0;;;;0;0;0;0;;;;0;;;;;;0;;;0;0;0;0;0;0;;0,00;0,00;0,00;0,00;;0,00;;;;0,00;;;;N;0,00;0,00;0,00;;;0;N;;;0;;;0;0;0;0;;;N;;;;;;;;;;0,00;0,00;0,00;0,00;;;0,00;;;;0;0,00;0,00;0,00;;0;0;0,00;0,00;0,00;;0,00;;0,00;0;0;;;;;;;
21;249596240;249596240;OWEB-23774-249596240;;5;GEN;;730774905;0;;0;;;;0;0;0;0;;;;0;;;;;;0;;;0;0;0;0;0;0;;0,00;0,00;0,00;0,00;;0,00;;;;0,00;;;;N;0,00;0,00;0,00;;;0;N;;;0;;;0;0;0;0;;;N;;;;;;;;;;0,00;0,00;0,00;0,00;;;0,00;;;;0;0,00;0,00;0,00;;0;0;0,00;0,00;0,00;;0,00;;0,00;0;0;;;;;;;
21;249596246;249596246;OWEB-23774-249596246;;5;GEN;;730782909;0;;0;;;;0;0;0;0;;;;0;;;;;;0;;;0;0;0;0;0;0;;0,00;0,00;0,00;0,00;;0,00;;;;0,00;;;;N;0,00;0,00;0,00;;;0;N;;;0;;;0;0;0;0;;;N;;;;;;;;;;0,00;0,00;0,00;0,00;;;0,00;;;;0;0,00;0,00;0,00;;0;0;0,00;0,00;0,00;;0,00;;0,00;0;0;;;;;;;
21;249596263;249596263;OWEB-23774-249596263;;5;GEN;;730804450;0;;0;;;;0;0;0;0;;;;0;;;;;;0;;;0;0;0;0;0;0;;0,00;0,00;0,00;0,00;;0,00;;;;0,00;;;;N;0,00;0,00;0,00;;;0;N;;;0;;;0;0;0;0;;;N;;;;;;;;;;0,00;0,00;0,00;0,00;;;0,00;;;;0;0,00;0,00;0,00;;0;0;0,00;0,00;0,00;;0,00;;0,00;0;0;;;;;;;
21;249596265;249596265;OWEB-23774-249596265;;5;GEN;;730806302;0;;0;;;;0;0;0;0;;;;0;;;;;;0;;;0;0;0;0;0;0;;0,00;0,00;0,00;0,00;;0,00;;;;0,00;;;;S;0,00;0,00;0,00;;;0;N;;;0;;;0;0;0;0;;;N;;;;;;;;;;0,00;0,00;0,00;0,00;;;0,00;;;;0;0,00;0,00;0,00;;0;0;0,00;0,00;0,00;;0,00;;0,00;0;0;;;;;;;
21;249596268;249596268;OWEB-23774-249596268;;5;GEN;;730810990;0;;0;;;;0;0;0;0;;;;0;;;;;;0;;;0;0;0;0;0;0;;0,00;0,00;0,00;0,00;;0,00;;;;0,00;;;;N;0,00;0,00;0,00;;;0;N;;;0;;;0;0;0;0;;;N;;;;;;;;;;0,00;0,00;0,00;0,00;;;0,00;;;;0;0,00;0,00;0,00;;0;0;0,00;0,00;0,00;;0,00;;0,00;0;0;;;;;;;
21;249596301;249596301;OWEB-23774-249596301;;5;GEN;;730844121;0;;0;;;;0;0;0;0;;;;0;;;;;;0;;;0;0;0;0;0;0;;0,00;0,00;0,00;0,00;;0,00;;;;0,00;;;;N;0,00;0,00;0,00;;;0;N;;;0;;;0;0;0;0;;;N;;;;;;;;;;0,00;0,00;0,00;0,00;;;0,00;;;;0;0,00;0,00;0,00;;0;0;0,00;0,00;0,00;;0,00;;0,00;0;0;;;;;;;
21;250895396;250895396;OWEB-23774-250895396;;5;GEN;;732199604;0;;0;;;;0;0;0;0;;;;0;;;;;;0;;;0;0;0;0;0;0;;0,00;0,00;0,00;0,00;;0,00;;;;0,00;;;;N;0,00;0,00;0,00;;;0;N;;;0;;;0;0;0;0;;;N;;;;;;;;;;0,00;0,00;0,00;0,00;;;0,00;;;;0;0,00;0,00;0,00;;0;0;0,00;0,00;0,00;;0,00;;0,00;0;0;;;;;;;
21;252095889;252095889;OWEB-23774-252095889;;5;GEN;;732220050;0;;0;;;;0;0;0;0;;;;0;;;;;;0;;;0;0;0;0;0;0;;0,00;0,00;0,00;0,00;;0,00;;;;0,00;;;;N;0,00;0,00;0,00;;;0;N;;;0;;;0;0;0;0;;;N;;;;;;;;;;0,00;0,00;0,00;0,00;;;0,00;;;;0;0,00;0,00;0,00;;0;0;0,00;0,00;0,00;;0,00;;0,00;0;0;;;;;;;
21;253876825;253876825;OWEB-23774-253876825;;5;GEN;;732241398;0;;0;;;;0;0;0;0;;;;0;;;;;;0;;;0;0;0;0;0;0;;0,00;0,00;0,00;0,00;;0,00;;;;0,00;;;;N;0,00;0,00;0,00;;;0;N;;;0;;;0;0;0;0;;;N;;;;;;;;;;0,00;0,00;0,00;0,00;;;0,00;;;;0;0,00;0,00;0,00;;0;0;0,00;0,00;0,00;;0,00;;0,00;0;0;;;;;;;
21;254521910;254521910;OWEB-23774-254521910;;5;GEN;;731092332;0;;0;;;;0;0;0;0;;;;0;;;;;;0;;;0;0;0;0;0;0;;0,00;0,00;0,00;0,00;;0,00;;;;0,00;;;;N;0,00;0,00;0,00;;;0;N;;;0;;;0;0;0;0;;;N;;;;;;;;;;0,00;0,00;0,00;0,00;;;0,00;;;;0;0,00;0,00;0,00;;0;0;0,00;0,00;0,00;;0,00;;0,00;0;0;;;;;;;
21;254521932;254521932;OWEB-23774-254521932;;5;GEN;;731106480;0;;0;;;;0;0;0;0;;;;0;;;;;;0;;;0;0;0;0;0;0;;0,00;0,00;0,00;0,00;;0,00;;;;0,00;;;;N;0,00;0,00;0,00;;;0;N;;;0;;;0;0;0;0;;;N;;;;;;;;;;0,00;0,00;0,00;0,00;;;0,00;;;;0;0,00;0,00;0,00;;0;0;0,00;0,00;0,00;;0,00;;0,00;0;0;;;;;;;
21;254521953;254521953;OWEB-23774-254521953;;5;GEN;;731122826;0;;0;;;;0;0;0;0;;;;0;;;;;;0;;;0;0;0;0;0;0;;0,00;0,00;0,00;0,00;;0,00;;;;0,00;;;;S;0,00;0,00;0,00;;;0;N;;;0;;;0;0;0;0;;;N;;;;;;;;;;0,00;0,00;0,00;0,00;;;0,00;;;;0;0,00;0,00;0,00;;0;0;0,00;0,00;0,00;;0,00;;0,00;0;0;;;;;;;
21;254521964;254521964;OWEB-23774-254521964;;5;GEN;;731129647;0;;0;;;;0;0;0;0;;;;0;;;;;;0;;;0;0;0;0;0;0;;0,00;0,00;0,00;0,00;;0,00;;;;0,00;;;;N;0,00;0,00;0,00;;;0;N;;;0;;;0;0;0;0;;;N;;;;;;;;;;0,00;0,00;0,00;0,00;;;0,00;;;;0;0,00;0,00;0,00;;0;0;0,00;0,00;0,00;;0,00;;0,00;0;0;;;;;;;
21;255618832;255618832;OWEB-23774-255618832;;5;GEN;;732269677;0;;0;;;;0;0;0;0;;;;0;;;;;;0;;;0;0;0;0;0;0;;0,00;0,00;0,00;0,00;;0,00;;;;0,00;;;;N;0,00;0,00;0,00;;;0;N;;;0;;;0;0;0;0;;;N;;;;;;;;;;0,00;0,00;0,00;0,00;;;0,00;;;;0;0,00;0,00;0,00;;0;0;0,00;0,00;0,00;;0,00;;0,00;0;0;;;;;;;
21;257041054;257041054;OWEB-23774-257041054;;5;GEN;;731197938;0;;0;;;;0;0;0;0;;;;0;;;;;;0;;;0;0;0;0;0;0;;0,00;0,00;0,00;0,00;;0,00;;;;0,00;;;;N;0,00;0,00;0,00;;;0;N;;;0;;;0;0;0;0;;;N;;;;;;;;;;0,00;0,00;0,00;0,00;;;0,00;;;;0;0,00;0,00;0,00;;0;0;0,00;0,00;0,00;;0,00;;0,00;0;0;;;;;;;
21;267324204;267324204;OWEB-23774-267324204;;5;GEN;;732465343;0;;0;;;;0;0;0;0;;;;0;;;;;;0;;;0;0;0;0;0;0;;0,00;0,00;0,00;0,00;;0,00;;;;0,00;;;;N;0,00;0,00;0,00;;;0;N;;;0;;;0;0;0;0;;;N;;;;;;;;;;0,00;0,00;0,00;0,00;;;0,00;;;;0;0,00;0,00;0,00;;0;0;0,00;0,00;0,00;;0,00;;0,00;0;0;;;;;;;
21;272480987;272480987;OWEB-23774-272480987;;5;GEN;;732543792;0;;0;;;;0;0;0;0;;;;0;;;;;;0;;;0;0;0;0;0;0;;0,00;0,00;0,00;0,00;;0,00;;;;0,00;;;;N;0,00;0,00;0,00;;;0;N;;;0;;;0;0;0;0;;;N;;;;;;;;;;0,00;0,00;0,00;0,00;;;0,00;;;;0;0,00;0,00;0,00;;0;0;0,00;0,00;0,00;;0,00;;0,00;0;0;;;;;;;
21;276659530;276659530;OWEB-23774-276659530;;5;GEN;;732645711;0;;0;;;;0;0;0;0;;;;0;;;;;;0;;;0;0;0;0;0;0;;0,00;0,00;0,00;0,00;;0,00;;;;0,00;;;;N;0,00;0,00;0,00;;;0;N;;;0;;;0;0;0;0;;;N;;;;;;;;;;0,00;0,00;0,00;0,00;;;0,00;;;;0;0,00;0,00;0,00;;0;0;0,00;0,00;0,00;;0,00;;0,00;0;0;;;;;;;
21;276996564;276996564;OWEB-23774-276996564;;5;GEN;;732682020;0;;0;;;;0;0;0;0;;;;0;;;;;;0;;;0;0;0;0;0;0;;0,00;0,00;0,00;0,00;;0,00;;;;0,00;;;;N;0,00;0,00;0,00;;;0;N;;;0;;;0;0;0;0;;;N;;;;;;;;;;0,00;0,00;0,00;0,00;;;0,00;;;;0;0,00;0,00;0,00;;0;0;0,00;0,00;0,00;;0,00;;0,00;0;0;;;;;;;
21;276996565;276996565;OWEB-23774-276996565;;5;GEN;;732681866;0;;0;;;;0;0;0;0;;;;0;;;;;;0;;;0;0;0;0;0;0;;0,00;0,00;0,00;0,00;;0,00;;;;0,00;;;;N;0,00;0,00;0,00;;;0;N;;;0;;;0;0;0;0;;;N;;;;;;;;;;0,00;0,00;0,00;0,00;;;0,00;;;;0;0,00;0,00;0,00;;0;0;0,00;0,00;0,00;;0,00;;0,00;0;0;;;;;;;
21;276996566;276996566;OWEB-23774-276996566;;5;GEN;;732681397;0;;0;;;;0;0;0;0;;;;0;;;;;;0;;;0;0;0;0;0;0;;0,00;0,00;0,00;0,00;;0,00;;;;0,00;;;;N;0,00;0,00;0,00;;;0;N;;;0;;;0;0;0;0;;;N;;;;;;;;;;0,00;0,00;0,00;0,00;;;0,00;;;;0;0,00;0,00;0,00;;0;0;0,00;0,00;0,00;;0,00;;0,00;0;0;;;;;;;
21;277429707;277429707;OWEB-23774-277429707;;5;GEN;;732698790;0;;0;;;;0;0;0;0;;;;0;;;;;;0;;;0;0;0;0;0;0;;0,00;0,00;0,00;0,00;;0,00;;;;0,00;;;;N;0,00;0,00;0,00;;;0;N;;;0;;;0;0;0;0;;;N;;;;;;;;;;0,00;0,00;0,00;0,00;;;0,00;;;;0;0,00;0,00;0,00;;0;0;0,00;0,00;0,00;;0,00;;0,00;0;0;;;;;;;
21;286880703;286880703;OWEB-23774-286880703;;0127;UCA-33300;;F100177469300008X;0;;0;;;;0;0;0;0;;;;0;;;;;;0;;;0;0;0;0;0;0;;0,00;0,00;0,00;0,00;;0,00;;;;0,00;;;;N;0,00;0,00;0,00;;;0;N;;;0;;;0;0;0;0;;;N;;;;;;;;;;0,00;0,00;0,00;0,00;;;0,00;;;;0;0,00;0,00;0,00;;0;0;0,00;0,00;0,00;;0,00;;0,00;0;0;;;;;;;
21;286880743;286880743;OWEB-23774-286880743;;0127;UCA-33300;;F100177469300048X;0;;0;;;;0;0;0;0;;;;0;;;;;;0;;;0;0;0;0;0;0;;0,00;0,00;0,00;0,00;;0,00;;;;0,00;;;;N;0,00;0,00;0,00;;;0;N;;;0;;;0;0;0;0;;;N;;;;;;;;;;0,00;0,00;0,00;0,00;;;0,00;;;;0;0,00;0,00;0,00;;0;0;0,00;0,00;0,00;;0,00;;0,00;0;0;;;;;;;
21;286880805;286880805;OWEB-23774-286880805;;0127;UCA-33300;;F100177469300110X;0;;0;;;;0;0;0;0;;;;0;;;;;;0;;;0;0;0;0;0;0;;0,00;0,00;0,00;0,00;;0,00;;;;0,00;;;;N;0,00;0,00;0,00;;;0;N;;;0;;;0;0;0;0;;;N;;;;;;;;;;0,00;0,00;0,00;0,00;;;0,00;;;;0;0,00;0,00;0,00;;0;0;0,00;0,00;0,00;;0,00;;0,00;0;0;;;;;;;
21;286880866;286880866;OWEB-23774-286880866;;0127;UCA-33300;;1001152975;0;;0;;;;0;0;0;0;;;;0;FZ873RY;;;;;0;;;0;0;0;0;0;0;;0,00;0,00;0,00;0,00;;0,00;;;;0,00;;;;N;0,00;0,00;0,00;;;0;N;;;0;;;0;0;0;0;;;N;;;;;;;;;;0,00;0,00;0,00;0,00;;;0,00;;;;0;0,00;0,00;0,00;;0;0;0,00;0,00;0,00;;0,00;;0,00;0;0;;;;;;;
21;286880867;286880867;OWEB-23774-286880867;;0127;UCA-33300;;1000800976;0;;0;;;;0;0;0;0;;;;0;BK776LC;;;;;0;;;0;0;0;0;0;0;;0,00;0,00;0,00;0,00;;0,00;;;;0,00;;;;N;0,00;0,00;0,00;;;0;N;;;0;;;0;0;0;0;;;N;;;;;;;;;;0,00;0,00;0,00;0,00;;;0,00;;;;0;0,00;0,00;0,00;;0;0;0,00;0,00;0,00;;0,00;;0,00;0;0;;;;;;;
21;241952243;241952243;OWEB-23774-241952243;;5;GEN;;730025540;0;;0;;;;0;0;0;0;;;;0;;;;;;0;;;0;0;0;0;0;0;;0,00;0,00;0,00;0,00;;0,00;;;;0,00;;;;N;0,00;0,00;0,00;;;0;N;;;0;;;0;0;0;0;;;N;;;;;;;;;;0,00;0,00;0,00;0,00;;;0,00;;;;0;0,00;0,00;0,00;;0;0;0,00;0,00;0,00;;0,00;;0,00;0;0;;;;;;;
21;253621539;253621539;OWEB-23774-253621539;;5;GEN;;731039889;0;;0;;;;0;0;0;0;;;;0;;;;;;0;;;0;0;0;0;0;0;;0,00;0,00;0,00;0,00;;0,00;;;;0,00;;;;N;0,00;0,00;0,00;;;0;N;;;0;;;0;0;0;0;;;N;;;;;;;;;;0,00;0,00;0,00;0,00;;;0,00;;;;0;0,00;0,00;0,00;;0;0;0,00;0,00;0,00;;0,00;;0,00;0;0;;;;;;;
21;248978359;248978359;OWEB-23774-248978359;;5;GEN;;732169441;0;;0;;;;0;0;0;0;;;;0;;;;;;0;;;0;0;0;0;0;0;;0,00;0,00;0,00;0,00;;0,00;;;;0,00;;;;N;0,00;0,00;0,00;;;0;N;;;0;;;0;0;0;0;;;N;;;;;;;;;;0,00;0,00;0,00;0,00;;;0,00;;;;0;0,00;0,00;0,00;;0;0;0,00;0,00;0,00;;0,00;;0,00;0;0;;;;;;;
21;248978348;248978348;OWEB-23774-248978348;;5;GEN;;732165939;0;;0;;;;0;0;0;0;;;;0;;;;;;0;;;0;0;0;0;0;0;;0,00;0,00;0,00;0,00;;0,00;;;;0,00;;;;N;0,00;0,00;0,00;;;0;N;;;0;;;0;0;0;0;;;N;;;;;;;;;;0,00;0,00;0,00;0,00;;;0,00;;;;0;0,00;0,00;0,00;;0;0;0,00;0,00;0,00;;0,00;;0,00;0;0;;;;;;;
21;249472832;249472832;OWEB-23774-249472832;;5;GEN;;730782112;0;;0;;;;0;0;0;0;;;;0;;;;;;0;;;0;0;0;0;0;0;;0,00;0,00;0,00;0,00;;0,00;;;;0,00;;;;N;0,00;0,00;0,00;;;0;N;;;0;;;0;0;0;0;;;N;;;;;;;;;;0,00;0,00;0,00;0,00;;;0,00;;;;0;0,00;0,00;0,00;;0;0;0,00;0,00;0,00;;0,00;;0,00;0;0;;;;;;;
21;249596248;249596248;OWEB-23774-249596248;;5;GEN;;730784486;0;;0;;;;0;0;0;0;;;;0;;;;;;0;;;0;0;0;0;0;0;;0,00;0,00;0,00;0,00;;0,00;;;;0,00;;;;N;0,00;0,00;0,00;;;0;N;;;0;;;0;0;0;0;;;N;;;;;;;;;;0,00;0,00;0,00;0,00;;;0,00;;;;0;0,00;0,00;0,00;;0;0;0,00;0,00;0,00;;0,00;;0,00;0;0;;;;;;;
21;249472844;249472844;OWEB-23774-249472844;;5;GEN;;730796022;0;;0;;;;0;0;0;0;;;;0;;;;;;0;;;0;0;0;0;0;0;;0,00;0,00;0,00;0,00;;0,00;;;;0,00;;;;S;0,00;0,00;0,00;;;0;N;;;0;;;0;0;0;0;;;N;;;;;;;;;;0,00;0,00;0,00;0,00;;;0,00;;;;0;0,00;0,00;0,00;;0;0;0,00;0,00;0,00;;0,00;;0,00;0;0;;;;;;;
21;249472861;249472861;OWEB-23774-249472861;;5;GEN;;730818818;0;;0;;;;0;0;0;0;;;;0;;;;;;0;;;0;0;0;0;0;0;;0,00;0,00;0,00;0,00;;0,00;;;;0,00;;;;N;0,00;0,00;0,00;;;0;N;;;0;;;0;0;0;0;;;N;;;;;;;;;;0,00;0,00;0,00;0,00;;;0,00;;;;0;0,00;0,00;0,00;;0;0;0,00;0,00;0,00;;0,00;;0,00;0;0;;;;;;;
21;249596284;249596284;OWEB-23774-249596284;;5;GEN;;730825586;0;;0;;;;0;0;0;0;;;;0;;;;;;0;;;0;0;0;0;0;0;;0,00;0,00;0,00;0,00;;0,00;;;;0,00;;;;N;0,00;0,00;0,00;;;0;N;;;0;;;0;0;0;0;;;N;;;;;;;;;;0,00;0,00;0,00;0,00;;;0,00;;;;0;0,00;0,00;0,00;;0;0;0,00;0,00;0,00;;0,00;;0,00;0;0;;;;;;;
21;249472875;249472875;OWEB-23774-249472875;;5;GEN;;730845982;0;;0;;;;0;0;0;0;;;;0;;;;;;0;;;0;0;0;0;0;0;;0,00;0,00;0,00;0,00;;0,00;;;;0,00;;;;N;0,00;0,00;0,00;;;0;N;;;0;;;0;0;0;0;;;N;;;;;;;;;;0,00;0,00;0,00;0,00;;;0,00;;;;0;0,00;0,00;0,00;;0;0;0,00;0,00;0,00;;0,00;;0,00;0;0;;;;;;;
21;265757684;265757684;OWEB-23774-265757684;;5;GEN;;732486586;0;;0;;;;0;0;0;0;;;;0;;;;;;0;;;0;0;0;0;0;0;;0,00;0,00;0,00;0,00;;0,00;;;;0,00;;;;N;0,00;0,00;0,00;;;0;N;;;0;;;0;0;0;0;;;N;;;;;;;;;;0,00;0,00;0,00;0,00;;;0,00;;;;0;0,00;0,00;0,00;;0;0;0,00;0,00;0,00;;0,00;;0,00;0;0;;;;;;;
21;265757685;265757685;OWEB-23774-265757685;;5;GEN;;732486598;0;;0;;;;0;0;0;0;;;;0;;;;;;0;;;0;0;0;0;0;0;;0,00;0,00;0,00;0,00;;0,00;;;;0,00;;;;N;0,00;0,00;0,00;;;0;N;;;0;;;0;0;0;0;;;N;;;;;;;;;;0,00;0,00;0,00;0,00;;;0,00;;;;0;0,00;0,00;0,00;;0;0;0,00;0,00;0,00;;0,00;;0,00;0;0;;;;;;;
21;257178756;257178756;OWEB-23774-257178756;;5;GEN;;731202792;0;;0;;;;0;0;0;0;;;;0;;;;;;0;;;0;0;0;0;0;0;;0,00;0,00;0,00;0,00;;0,00;;;;0,00;;;;N;0,00;0,00;0,00;;;0;N;;;0;;;0;0;0;0;;;N;;;;;;;;;;0,00;0,00;0,00;0,00;;;0,00;;;;0;0,00;0,00;0,00;;0;0;0,00;0,00;0,00;;0,00;;0,00;0;0;;;;;;;
21;247897442;247897442;OWEB-23774-247897442;;5;GEN;;83203218;0;;0;;;;0;0;0;0;;;;0;;;;;;0;;;0;0;0;0;0;0;;0,00;0,00;0,00;0,00;;0,00;;;;0,00;;;;N;0,00;0,00;0,00;;;0;N;;;0;;;0;0;0;0;;;N;;;;;;;;;TCM;0,00;262,60;262,60;0,00;;;0,00;;;;9000;262,60;0,00;0,00;;0;0;0,00;0,00;0,00;;0,00;;0,00;0;0;;;;;;;
21;255440802;255440802;OWEB-23774-255440802;;5;GEN;;83427161;0;;0;;;;0;0;0;0;;;;0;;;;;;0;;;0;0;0;0;0;0;;0,00;0,00;0,00;0,00;;0,00;;;;0,00;;;;N;0,00;0,00;0,00;;;0;N;;;0;;;0;0;0;0;;;N;;;;;;;;;TCM;0,00;2611,52;2611,52;0,00;;;0,00;;;;5400;2611,52;0,00;0,00;;0;0;0,00;0,00;0,00;;0,00;;0,00;0;0;;;;;;;
21;255584374;255584374;OWEB-23774-255584374;;5;GEN;;83427758;0;;0;;;;0;0;0;0;;;;0;;;;;;0;;;0;0;0;0;0;0;;0,00;0,00;0,00;0,00;;0,00;;;;0,00;;;;N;0,00;0,00;0,00;;;0;N;;;0;;;0;0;0;0;;;N;;;;;;;;;TCM;0,00;2550,42;2550,42;0,00;;;0,00;;;;9000;2550,42;0,00;0,00;;0;0;0,00;0,00;0,00;;0,00;;0,00;0;0;;;;;;;
21;256152519;256152519;OWEB-23774-256152519;;5;GEN;;32234205;0;;0;;;;0;0;0;0;;;;0;;;;;;0;;;0;0;0;0;0;0;;0,00;0,00;0,00;0,00;;0,00;;;;0,00;;;;N;0,00;0,00;0,00;;;0;N;;;0;;;0;0;0;0;;;N;;;;;;;;;AT;0,00;399,28;399,28;0,00;;;0,00;;;;3600;399,28;0,00;0,00;;0;0;0,00;0,00;0,00;;0,00;;0,00;0;0;;;;;;;
21;265757686;265757686;OWEB-23774-265757686;;5;GEN;;83745607;0;;0;;;;0;0;0;0;;;;0;;;;;;0;;;0;0;0;0;0;0;;0,00;0,00;0,00;0,00;;0,00;;;;0,00;;;;N;0,00;0,00;0,00;;;0;N;;;0;;;0;0;0;0;;;N;;;;;;;;;TCM;0,00;941,55;941,55;0,00;;;0,00;;;;9000;941,55;0,00;0,00;;0;0;0,00;0,00;0,00;;0,00;;0,00;0;0;;;;;;;
21;269621188;269621188;OWEB-23774-269621188;;5;GEN;;83818677;0;;0;;;;0;0;0;0;;;;0;;;;;;0;;;0;0;0;0;0;0;;0,00;0,00;0,00;0,00;;0,00;;;;0,00;;;;N;0,00;0,00;0,00;;;0;N;;;0;;;0;0;0;0;;;N;;;;;;;;;TCM;0,00;1159,59;1159,59;0,00;;;0,00;;;;9000;1159,59;0,00;0,00;;0;0;0,00;0,00;0,00;;0,00;;0,00;0;0;;;;;;;
21;269718413;269718413;OWEB-23774-269718413;;5;GEN;;83806081;0;;0;;;;0;0;0;0;;;;0;;;;;;0;;;0;0;0;0;0;0;;0,00;0,00;0,00;0,00;;0,00;;;;0,00;;;;N;0,00;0,00;0,00;;;0;N;;;0;;;0;0;0;0;;;N;;;;;;;;;UP;0,00;971,00;971,00;0,00;;;0,00;;;;360;971,00;0,00;0,00;;0;0;0,00;0,00;0,00;;0,00;;0,00;0;0;;;;;;;
21;269718414;269718414;OWEB-23774-269718414;;5;GEN;;83816820;0;;0;;;;0;0;0;0;;;;0;;;;;;0;;;0;0;0;0;0;0;;0,00;0,00;0,00;0,00;;0,00;;;;0,00;;;;N;0,00;0,00;0,00;;;0;N;;;0;;;0;0;0;0;;;N;;;;;;;;;;0,00;1341,20;1357,83;0,00;;;0,00;;;;9000;1357,83;0,00;0,00;;0;0;0,00;0,00;0,00;;0,00;;0,00;0;0;;;;;;;
21;269785701;269785701;OWEB-23774-269785701;;5;GEN;;83806000;0;;0;;;;0;0;0;0;;;;0;;;;;;0;;;0;0;0;0;0;0;;0,00;0,00;0,00;0,00;;0,00;;;;0,00;;;;N;0,00;0,00;0,00;;;0;N;;;0;;;0;0;0;0;;;N;;;;;;;;;UP;0,00;10299,33;10299,33;0,00;;;0,00;;;;360;10299,33;0,00;0,00;;0;0;0,00;0,00;0,00;;0,00;;0,00;0;0;;;;;;;
21;272480991;272480991;OWEB-23774-272480991;;5;GEN;;83886772;0;;0;;;;0;0;0;0;;;;0;;;;;;0;;;0;0;0;0;0;0;;0,00;0,00;0,00;0,00;;0,00;;;;0,00;;;;N;0,00;0,00;0,00;;;0;N;;;0;;;0;0;0;0;;;N;;;;;;;;;TCM;0,00;2887,57;2887,57;0,00;;;0,00;;;;3600;2887,57;0,00;0,00;;0;0;0,00;0,00;0,00;;0,00;;0,00;0;0;;;;;;;
21;287248244;287248244;OWEB-23774-287248244;;5;GEN;;84294361;0;;0;;;;0;0;0;0;;;;0;;;;;;0;;;0;0;0;0;0;0;;0,00;0,00;0,00;0,00;;0,00;;;;0,00;;;;N;0,00;0,00;0,00;;;0;N;;;0;;;0;0;0;0;;;N;;;;;;;;;TCM;0,00;556,72;556,72;0,00;;;0,00;;;;3600;556,72;0,00;0,00;;0;0;0,00;0,00;0,00;;0,00;;0,00;0;0;;;;;;;
21;288738544;288738544;OWEB-23774-288738544;;5;GEN;;32096870;0;;0;;;;0;0;0;0;;;;0;;;;;;0;;;0;0;0;0;0;0;;0,00;0,00;0,00;0,00;;0,00;;;;0,00;;;;N;0,00;0,00;0,00;;;0;N;;;0;;;0;0;0;0;;;N;;;;;;;;;;0,00;50386,04;50386,04;0,00;;;0,00;;;;35640;50386,04;0,00;0,00;;0;0;0,00;0,00;0,00;;0,00;;0,00;0;0;;;;;;;
21;244233497;244233497;OWEB-23774-244233497;;5;GEN;;83124582;0;;0;;;;0;0;0;0;;;;0;;;;;;0;;;0;0;0;0;0;0;;0,00;0,00;0,00;0,00;;0,00;;;;0,00;;;;N;0,00;0,00;0,00;;;0;N;;;0;;;0;0;0;0;;;N;;;;;;;;;TCM;0,00;215,59;215,59;0,00;;;0,00;;;;5400;215,59;0,00;0,00;;0;0;0,00;0,00;0,00;;0,00;;0,00;0;0;;;;;;;
